Código;Documento;Extensión;Carpeta;Tipo de documento;Modificación;Vinculo edición;Vinculo descarga
DA-GMD-001;Modelo de historia clínica de medicina domiciliaria.docx;.docx;Gestión medicina general;;2026-09-07T11:30:44;"https://unionsaludvida.sharepoint.com/sites/INTRANET/Documentos compartidos/DOCUMENTOS_INSTITUCIONALES/SISTEMAS_INFORMACION/GESTION DOCUMENTAL DE CALIDAD UT/Gestión documental de calidad Unión para la Salud Y la Vida SAS/Misionales/Gestión Médica y Asistencial/Gestión medicina general/Documentos de Apoyo/DA-GMD-001 Modelo de historia clínica de medicina domiciliaria.docx?web=1";"https://unionsaludvida.sharepoint.com/sites/INTRANET/Documentos compartidos/DOCUMENTOS_INSTITUCIONALES/SISTEMAS_INFORMACION/GESTION DOCUMENTAL DE CALIDAD UT/Gestión documental de calidad Unión para la Salud Y la Vida SAS/Misionales/Gestión Médica y Asistencial/Gestión medicina general/Documentos de Apoyo/DA-GMD-001 Modelo de historia clínica de medicina domiciliaria.docx"
DA-GMD-002;Modelo de historia clínica de consulta de ingreso control RCV-HTA.docx;.docx;Gestión medicina general;;2026-08-29T12:17:41;"https://unionsaludvida.sharepoint.com/sites/INTRANET/Documentos compartidos/DOCUMENTOS_INSTITUCIONALES/SISTEMAS_INFORMACION/GESTION DOCUMENTAL DE CALIDAD UT/Gestión documental de calidad Unión para la Salud Y la Vida SAS/Misionales/Gestión Médica y Asistencial/Gestión medicina general/Documentos de Apoyo/DA-GMD-002 Modelo de historia clínica de consulta de ingreso control RCV-HTA.docx?web=1";"https://unionsaludvida.sharepoint.com/sites/INTRANET/Documentos compartidos/DOCUMENTOS_INSTITUCIONALES/SISTEMAS_INFORMACION/GESTION DOCUMENTAL DE CALIDAD UT/Gestión documental de calidad Unión para la Salud Y la Vida SAS/Misionales/Gestión Médica y Asistencial/Gestión medicina general/Documentos de Apoyo/DA-GMD-002 Modelo de historia clínica de consulta de ingreso control RCV-HTA.docx"
DA-GMD-003;Modelo de historia clínica de consulta de ingreso-control rcv diabetes mellitus.docx;.docx;Gestión medicina general;;2026-08-29T12:17:42;"https://unionsaludvida.sharepoint.com/sites/INTRANET/Documentos compartidos/DOCUMENTOS_INSTITUCIONALES/SISTEMAS_INFORMACION/GESTION DOCUMENTAL DE CALIDAD UT/Gestión documental de calidad Unión para la Salud Y la Vida SAS/Misionales/Gestión Médica y Asistencial/Gestión medicina general/Documentos de Apoyo/DA-GMD-003 Modelo de historia clínica de consulta de ingreso-control rcv diabetes mellitus.docx?web=1";"https://unionsaludvida.sharepoint.com/sites/INTRANET/Documentos compartidos/DOCUMENTOS_INSTITUCIONALES/SISTEMAS_INFORMACION/GESTION DOCUMENTAL DE CALIDAD UT/Gestión documental de calidad Unión para la Salud Y la Vida SAS/Misionales/Gestión Médica y Asistencial/Gestión medicina general/Documentos de Apoyo/DA-GMD-003 Modelo de historia clínica de consulta de ingreso-control rcv diabetes mellitus.docx"
DA-GMD-004;Pautas de manejo para el retiro de especialistas.docx;.docx;Gestión asistencial;;2026-08-29T08:21:14;"https://unionsaludvida.sharepoint.com/sites/INTRANET/Documentos compartidos/DOCUMENTOS_INSTITUCIONALES/SISTEMAS_INFORMACION/GESTION DOCUMENTAL DE CALIDAD UT/Gestión documental de calidad Unión para la Salud Y la Vida SAS/Misionales/Gestión Médica y Asistencial/Gestión asistencial/Documentos de Apoyo/DA-GMD-004 Pautas de manejo para el retiro de especialistas.docx?web=1";"https://unionsaludvida.sharepoint.com/sites/INTRANET/Documentos compartidos/DOCUMENTOS_INSTITUCIONALES/SISTEMAS_INFORMACION/GESTION DOCUMENTAL DE CALIDAD UT/Gestión documental de calidad Unión para la Salud Y la Vida SAS/Misionales/Gestión Médica y Asistencial/Gestión asistencial/Documentos de Apoyo/DA-GMD-004 Pautas de manejo para el retiro de especialistas.docx"
DA-GMD-005;Signos y sintomas de alarma específicos de patologías osteomusculares.docx;.docx;Gestión medicina general;;2026-08-29T12:17:42;"https://unionsaludvida.sharepoint.com/sites/INTRANET/Documentos compartidos/DOCUMENTOS_INSTITUCIONALES/SISTEMAS_INFORMACION/GESTION DOCUMENTAL DE CALIDAD UT/Gestión documental de calidad Unión para la Salud Y la Vida SAS/Misionales/Gestión Médica y Asistencial/Gestión medicina general/Documentos de Apoyo/DA-GMD-005 Signos y sintomas de alarma específicos de patologías osteomusculares.docx?web=1";"https://unionsaludvida.sharepoint.com/sites/INTRANET/Documentos compartidos/DOCUMENTOS_INSTITUCIONALES/SISTEMAS_INFORMACION/GESTION DOCUMENTAL DE CALIDAD UT/Gestión documental de calidad Unión para la Salud Y la Vida SAS/Misionales/Gestión Médica y Asistencial/Gestión medicina general/Documentos de Apoyo/DA-GMD-005 Signos y sintomas de alarma específicos de patologías osteomusculares.docx"
DA-GMD-006;Ingreso a Control Prenatal.docx;.docx;Gestión medicina general;;2026-08-29T12:17:42;"https://unionsaludvida.sharepoint.com/sites/INTRANET/Documentos compartidos/DOCUMENTOS_INSTITUCIONALES/SISTEMAS_INFORMACION/GESTION DOCUMENTAL DE CALIDAD UT/Gestión documental de calidad Unión para la Salud Y la Vida SAS/Misionales/Gestión Médica y Asistencial/Gestión medicina general/Documentos de Apoyo/DA-GMD-006 Ingreso a Control Prenatal.docx?web=1";"https://unionsaludvida.sharepoint.com/sites/INTRANET/Documentos compartidos/DOCUMENTOS_INSTITUCIONALES/SISTEMAS_INFORMACION/GESTION DOCUMENTAL DE CALIDAD UT/Gestión documental de calidad Unión para la Salud Y la Vida SAS/Misionales/Gestión Médica y Asistencial/Gestión medicina general/Documentos de Apoyo/DA-GMD-006 Ingreso a Control Prenatal.docx"
DA-GMD-007;Guia de atencion gestante por medico general.docx;.docx;Gestión medicina general;;2026-08-29T12:17:43;"https://unionsaludvida.sharepoint.com/sites/INTRANET/Documentos compartidos/DOCUMENTOS_INSTITUCIONALES/SISTEMAS_INFORMACION/GESTION DOCUMENTAL DE CALIDAD UT/Gestión documental de calidad Unión para la Salud Y la Vida SAS/Misionales/Gestión Médica y Asistencial/Gestión medicina general/Documentos de Apoyo/DA-GMD-007 Guia de atencion gestante por medico general.docx?web=1";"https://unionsaludvida.sharepoint.com/sites/INTRANET/Documentos compartidos/DOCUMENTOS_INSTITUCIONALES/SISTEMAS_INFORMACION/GESTION DOCUMENTAL DE CALIDAD UT/Gestión documental de calidad Unión para la Salud Y la Vida SAS/Misionales/Gestión Médica y Asistencial/Gestión medicina general/Documentos de Apoyo/DA-GMD-007 Guia de atencion gestante por medico general.docx"
DA-GMD-008;Guia Consulta de egreso CPR y Planificación Familiar.docx;.docx;Gestión medicina general;;2026-08-29T12:17:43;"https://unionsaludvida.sharepoint.com/sites/INTRANET/Documentos compartidos/DOCUMENTOS_INSTITUCIONALES/SISTEMAS_INFORMACION/GESTION DOCUMENTAL DE CALIDAD UT/Gestión documental de calidad Unión para la Salud Y la Vida SAS/Misionales/Gestión Médica y Asistencial/Gestión medicina general/Documentos de Apoyo/DA-GMD-008 Guia Consulta de egreso CPR y Planificación Familiar.docx?web=1";"https://unionsaludvida.sharepoint.com/sites/INTRANET/Documentos compartidos/DOCUMENTOS_INSTITUCIONALES/SISTEMAS_INFORMACION/GESTION DOCUMENTAL DE CALIDAD UT/Gestión documental de calidad Unión para la Salud Y la Vida SAS/Misionales/Gestión Médica y Asistencial/Gestión medicina general/Documentos de Apoyo/DA-GMD-008 Guia Consulta de egreso CPR y Planificación Familiar.docx"
DA-GMD-009;Guía consulta postaborto.docx;.docx;Gestión medicina general;;2026-08-29T12:17:43;"https://unionsaludvida.sharepoint.com/sites/INTRANET/Documentos compartidos/DOCUMENTOS_INSTITUCIONALES/SISTEMAS_INFORMACION/GESTION DOCUMENTAL DE CALIDAD UT/Gestión documental de calidad Unión para la Salud Y la Vida SAS/Misionales/Gestión Médica y Asistencial/Gestión medicina general/Documentos de Apoyo/DA-GMD-009 Guía consulta postaborto.docx?web=1";"https://unionsaludvida.sharepoint.com/sites/INTRANET/Documentos compartidos/DOCUMENTOS_INSTITUCIONALES/SISTEMAS_INFORMACION/GESTION DOCUMENTAL DE CALIDAD UT/Gestión documental de calidad Unión para la Salud Y la Vida SAS/Misionales/Gestión Médica y Asistencial/Gestión medicina general/Documentos de Apoyo/DA-GMD-009 Guía consulta postaborto.docx"
DA-GMD-010;Guía de recomendaciones y signos de alarma en control prenatal.docx;.docx;Gestión medicina general;;2026-08-29T12:17:44;"https://unionsaludvida.sharepoint.com/sites/INTRANET/Documentos compartidos/DOCUMENTOS_INSTITUCIONALES/SISTEMAS_INFORMACION/GESTION DOCUMENTAL DE CALIDAD UT/Gestión documental de calidad Unión para la Salud Y la Vida SAS/Misionales/Gestión Médica y Asistencial/Gestión medicina general/Documentos de Apoyo/DA-GMD-010 Guía de recomendaciones y signos de alarma en control prenatal.docx?web=1";"https://unionsaludvida.sharepoint.com/sites/INTRANET/Documentos compartidos/DOCUMENTOS_INSTITUCIONALES/SISTEMAS_INFORMACION/GESTION DOCUMENTAL DE CALIDAD UT/Gestión documental de calidad Unión para la Salud Y la Vida SAS/Misionales/Gestión Médica y Asistencial/Gestión medicina general/Documentos de Apoyo/DA-GMD-010 Guía de recomendaciones y signos de alarma en control prenatal.docx"
DA-GMD-011;Guia de historia clinica consulta codigo fucsia menor de edad.docx;.docx;Gestión medicina general;;2026-08-29T12:17:44;"https://unionsaludvida.sharepoint.com/sites/INTRANET/Documentos compartidos/DOCUMENTOS_INSTITUCIONALES/SISTEMAS_INFORMACION/GESTION DOCUMENTAL DE CALIDAD UT/Gestión documental de calidad Unión para la Salud Y la Vida SAS/Misionales/Gestión Médica y Asistencial/Gestión medicina general/Documentos de Apoyo/DA-GMD-011 Guia de historia clinica consulta codigo fucsia menor de edad.docx?web=1";"https://unionsaludvida.sharepoint.com/sites/INTRANET/Documentos compartidos/DOCUMENTOS_INSTITUCIONALES/SISTEMAS_INFORMACION/GESTION DOCUMENTAL DE CALIDAD UT/Gestión documental de calidad Unión para la Salud Y la Vida SAS/Misionales/Gestión Médica y Asistencial/Gestión medicina general/Documentos de Apoyo/DA-GMD-011 Guia de historia clinica consulta codigo fucsia menor de edad.docx"
DA-GMD-012;Documento de apoyo institucional RIAS Juventud.docx;.docx;Gestión medicina general;;2026-08-29T12:17:44;"https://unionsaludvida.sharepoint.com/sites/INTRANET/Documentos compartidos/DOCUMENTOS_INSTITUCIONALES/SISTEMAS_INFORMACION/GESTION DOCUMENTAL DE CALIDAD UT/Gestión documental de calidad Unión para la Salud Y la Vida SAS/Misionales/Gestión Médica y Asistencial/Gestión medicina general/Documentos de Apoyo/DA-GMD-012 Documento de apoyo institucional RIAS Juventud.docx?web=1";"https://unionsaludvida.sharepoint.com/sites/INTRANET/Documentos compartidos/DOCUMENTOS_INSTITUCIONALES/SISTEMAS_INFORMACION/GESTION DOCUMENTAL DE CALIDAD UT/Gestión documental de calidad Unión para la Salud Y la Vida SAS/Misionales/Gestión Médica y Asistencial/Gestión medicina general/Documentos de Apoyo/DA-GMD-012 Documento de apoyo institucional RIAS Juventud.docx"
DA-GMD-013;Documento de apoyo institucional RIAS Adultez.docx;.docx;Gestión medicina general;;2026-08-29T12:17:46;"https://unionsaludvida.sharepoint.com/sites/INTRANET/Documentos compartidos/DOCUMENTOS_INSTITUCIONALES/SISTEMAS_INFORMACION/GESTION DOCUMENTAL DE CALIDAD UT/Gestión documental de calidad Unión para la Salud Y la Vida SAS/Misionales/Gestión Médica y Asistencial/Gestión medicina general/Documentos de Apoyo/DA-GMD-013 Documento de apoyo institucional RIAS Adultez.docx?web=1";"https://unionsaludvida.sharepoint.com/sites/INTRANET/Documentos compartidos/DOCUMENTOS_INSTITUCIONALES/SISTEMAS_INFORMACION/GESTION DOCUMENTAL DE CALIDAD UT/Gestión documental de calidad Unión para la Salud Y la Vida SAS/Misionales/Gestión Médica y Asistencial/Gestión medicina general/Documentos de Apoyo/DA-GMD-013 Documento de apoyo institucional RIAS Adultez.docx"
DA-GMD-014;Documento de apoyo institucional RIAS Vejez.docx;.docx;Gestión medicina general;;2026-08-29T12:17:46;"https://unionsaludvida.sharepoint.com/sites/INTRANET/Documentos compartidos/DOCUMENTOS_INSTITUCIONALES/SISTEMAS_INFORMACION/GESTION DOCUMENTAL DE CALIDAD UT/Gestión documental de calidad Unión para la Salud Y la Vida SAS/Misionales/Gestión Médica y Asistencial/Gestión medicina general/Documentos de Apoyo/DA-GMD-014 Documento de apoyo institucional RIAS Vejez.docx?web=1";"https://unionsaludvida.sharepoint.com/sites/INTRANET/Documentos compartidos/DOCUMENTOS_INSTITUCIONALES/SISTEMAS_INFORMACION/GESTION DOCUMENTAL DE CALIDAD UT/Gestión documental de calidad Unión para la Salud Y la Vida SAS/Misionales/Gestión Médica y Asistencial/Gestión medicina general/Documentos de Apoyo/DA-GMD-014 Documento de apoyo institucional RIAS Vejez.docx"
DA-GMD-015;Documento de apoyo institucional RIAS Adolescencia.docx;.docx;Gestión medicina general;;2026-08-29T12:17:39;"https://unionsaludvida.sharepoint.com/sites/INTRANET/Documentos compartidos/DOCUMENTOS_INSTITUCIONALES/SISTEMAS_INFORMACION/GESTION DOCUMENTAL DE CALIDAD UT/Gestión documental de calidad Unión para la Salud Y la Vida SAS/Misionales/Gestión Médica y Asistencial/Gestión medicina general/Documentos de Apoyo/DA-GMD-015 Documento de apoyo institucional RIAS Adolescencia.docx?web=1";"https://unionsaludvida.sharepoint.com/sites/INTRANET/Documentos compartidos/DOCUMENTOS_INSTITUCIONALES/SISTEMAS_INFORMACION/GESTION DOCUMENTAL DE CALIDAD UT/Gestión documental de calidad Unión para la Salud Y la Vida SAS/Misionales/Gestión Médica y Asistencial/Gestión medicina general/Documentos de Apoyo/DA-GMD-015 Documento de apoyo institucional RIAS Adolescencia.docx"
DA-GMD-016;Guia Epoc.docx;.docx;Gestión medicina general;;2026-08-29T12:17:40;"https://unionsaludvida.sharepoint.com/sites/INTRANET/Documentos compartidos/DOCUMENTOS_INSTITUCIONALES/SISTEMAS_INFORMACION/GESTION DOCUMENTAL DE CALIDAD UT/Gestión documental de calidad Unión para la Salud Y la Vida SAS/Misionales/Gestión Médica y Asistencial/Gestión medicina general/Documentos de Apoyo/DA-GMD-016 Guia Epoc.docx?web=1";"https://unionsaludvida.sharepoint.com/sites/INTRANET/Documentos compartidos/DOCUMENTOS_INSTITUCIONALES/SISTEMAS_INFORMACION/GESTION DOCUMENTAL DE CALIDAD UT/Gestión documental de calidad Unión para la Salud Y la Vida SAS/Misionales/Gestión Médica y Asistencial/Gestión medicina general/Documentos de Apoyo/DA-GMD-016 Guia Epoc.docx"
DA-GMD-017;Guia Asma.docx;.docx;Gestión medicina general;;2026-08-29T12:17:40;"https://unionsaludvida.sharepoint.com/sites/INTRANET/Documentos compartidos/DOCUMENTOS_INSTITUCIONALES/SISTEMAS_INFORMACION/GESTION DOCUMENTAL DE CALIDAD UT/Gestión documental de calidad Unión para la Salud Y la Vida SAS/Misionales/Gestión Médica y Asistencial/Gestión medicina general/Documentos de Apoyo/DA-GMD-017 Guia Asma.docx?web=1";"https://unionsaludvida.sharepoint.com/sites/INTRANET/Documentos compartidos/DOCUMENTOS_INSTITUCIONALES/SISTEMAS_INFORMACION/GESTION DOCUMENTAL DE CALIDAD UT/Gestión documental de calidad Unión para la Salud Y la Vida SAS/Misionales/Gestión Médica y Asistencial/Gestión medicina general/Documentos de Apoyo/DA-GMD-017 Guia Asma.docx"
DA-GMD-018;Guía atención consulta preconcepcional.docx;.docx;Gestión medicina general;;2026-08-29T12:17:40;"https://unionsaludvida.sharepoint.com/sites/INTRANET/Documentos compartidos/DOCUMENTOS_INSTITUCIONALES/SISTEMAS_INFORMACION/GESTION DOCUMENTAL DE CALIDAD UT/Gestión documental de calidad Unión para la Salud Y la Vida SAS/Misionales/Gestión Médica y Asistencial/Gestión medicina general/Documentos de Apoyo/DA-GMD-018 Guía atención consulta preconcepcional.docx?web=1";"https://unionsaludvida.sharepoint.com/sites/INTRANET/Documentos compartidos/DOCUMENTOS_INSTITUCIONALES/SISTEMAS_INFORMACION/GESTION DOCUMENTAL DE CALIDAD UT/Gestión documental de calidad Unión para la Salud Y la Vida SAS/Misionales/Gestión Médica y Asistencial/Gestión medicina general/Documentos de Apoyo/DA-GMD-018 Guía atención consulta preconcepcional.docx"
DA-GMD-019;Principales motivos de consulta en medicina general.docx;.docx;Gestión medicina general;;2026-08-29T12:18:38;"https://unionsaludvida.sharepoint.com/sites/INTRANET/Documentos compartidos/DOCUMENTOS_INSTITUCIONALES/SISTEMAS_INFORMACION/GESTION DOCUMENTAL DE CALIDAD UT/Gestión documental de calidad Unión para la Salud Y la Vida SAS/Misionales/Gestión Médica y Asistencial/Gestión medicina general/Documentos de Apoyo/DA-GMD-019 Principales motivos de consulta en medicina general.docx?web=1";"https://unionsaludvida.sharepoint.com/sites/INTRANET/Documentos compartidos/DOCUMENTOS_INSTITUCIONALES/SISTEMAS_INFORMACION/GESTION DOCUMENTAL DE CALIDAD UT/Gestión documental de calidad Unión para la Salud Y la Vida SAS/Misionales/Gestión Médica y Asistencial/Gestión medicina general/Documentos de Apoyo/DA-GMD-019 Principales motivos de consulta en medicina general.docx"
DA-GMD-020;Modelo de historia clínica consulta de medicina general.docx;.docx;Gestión medicina general;;2026-08-29T12:17:46;"https://unionsaludvida.sharepoint.com/sites/INTRANET/Documentos compartidos/DOCUMENTOS_INSTITUCIONALES/SISTEMAS_INFORMACION/GESTION DOCUMENTAL DE CALIDAD UT/Gestión documental de calidad Unión para la Salud Y la Vida SAS/Misionales/Gestión Médica y Asistencial/Gestión medicina general/Documentos de Apoyo/DA-GMD-020 Modelo de historia clínica consulta de medicina general.docx?web=1";"https://unionsaludvida.sharepoint.com/sites/INTRANET/Documentos compartidos/DOCUMENTOS_INSTITUCIONALES/SISTEMAS_INFORMACION/GESTION DOCUMENTAL DE CALIDAD UT/Gestión documental de calidad Unión para la Salud Y la Vida SAS/Misionales/Gestión Médica y Asistencial/Gestión medicina general/Documentos de Apoyo/DA-GMD-020 Modelo de historia clínica consulta de medicina general.docx"
DA-GMD-021;Modelo de historia clínica consulta AIEPI.docx;.docx;Gestión medicina general;;2026-08-29T12:17:37;"https://unionsaludvida.sharepoint.com/sites/INTRANET/Documentos compartidos/DOCUMENTOS_INSTITUCIONALES/SISTEMAS_INFORMACION/GESTION DOCUMENTAL DE CALIDAD UT/Gestión documental de calidad Unión para la Salud Y la Vida SAS/Misionales/Gestión Médica y Asistencial/Gestión medicina general/Documentos de Apoyo/DA-GMD-021 Modelo de historia clínica consulta AIEPI.docx?web=1";"https://unionsaludvida.sharepoint.com/sites/INTRANET/Documentos compartidos/DOCUMENTOS_INSTITUCIONALES/SISTEMAS_INFORMACION/GESTION DOCUMENTAL DE CALIDAD UT/Gestión documental de calidad Unión para la Salud Y la Vida SAS/Misionales/Gestión Médica y Asistencial/Gestión medicina general/Documentos de Apoyo/DA-GMD-021 Modelo de historia clínica consulta AIEPI.docx"
DA-GMD-022;Modelo de historia clínica consulta de ingreso CYD.docx;.docx;Gestión medicina general;;2026-08-29T12:17:37;"https://unionsaludvida.sharepoint.com/sites/INTRANET/Documentos compartidos/DOCUMENTOS_INSTITUCIONALES/SISTEMAS_INFORMACION/GESTION DOCUMENTAL DE CALIDAD UT/Gestión documental de calidad Unión para la Salud Y la Vida SAS/Misionales/Gestión Médica y Asistencial/Gestión medicina general/Documentos de Apoyo/DA-GMD-022 Modelo de historia clínica consulta de ingreso CYD.docx?web=1";"https://unionsaludvida.sharepoint.com/sites/INTRANET/Documentos compartidos/DOCUMENTOS_INSTITUCIONALES/SISTEMAS_INFORMACION/GESTION DOCUMENTAL DE CALIDAD UT/Gestión documental de calidad Unión para la Salud Y la Vida SAS/Misionales/Gestión Médica y Asistencial/Gestión medicina general/Documentos de Apoyo/DA-GMD-022 Modelo de historia clínica consulta de ingreso CYD.docx"
DA-GMD-023;Modelo de historia clínica consulta de control CYD.docx;.docx;Gestión medicina general;;2026-08-29T12:17:37;"https://unionsaludvida.sharepoint.com/sites/INTRANET/Documentos compartidos/DOCUMENTOS_INSTITUCIONALES/SISTEMAS_INFORMACION/GESTION DOCUMENTAL DE CALIDAD UT/Gestión documental de calidad Unión para la Salud Y la Vida SAS/Misionales/Gestión Médica y Asistencial/Gestión medicina general/Documentos de Apoyo/DA-GMD-023 Modelo de historia clínica consulta de control CYD.docx?web=1";"https://unionsaludvida.sharepoint.com/sites/INTRANET/Documentos compartidos/DOCUMENTOS_INSTITUCIONALES/SISTEMAS_INFORMACION/GESTION DOCUMENTAL DE CALIDAD UT/Gestión documental de calidad Unión para la Salud Y la Vida SAS/Misionales/Gestión Médica y Asistencial/Gestión medicina general/Documentos de Apoyo/DA-GMD-023 Modelo de historia clínica consulta de control CYD.docx"
DA-GMD-024;Modelo de historia clínica Dermatologia.docx;.docx;Gestión especialistas;;2026-08-28T11:43:33;"https://unionsaludvida.sharepoint.com/sites/INTRANET/Documentos compartidos/DOCUMENTOS_INSTITUCIONALES/SISTEMAS_INFORMACION/GESTION DOCUMENTAL DE CALIDAD UT/Gestión documental de calidad Unión para la Salud Y la Vida SAS/Misionales/Gestión Médica y Asistencial/Gestión especialistas/Documentos de Apoyo/DA-GMD-024 Modelo de historia clínica Dermatologia.docx?web=1";"https://unionsaludvida.sharepoint.com/sites/INTRANET/Documentos compartidos/DOCUMENTOS_INSTITUCIONALES/SISTEMAS_INFORMACION/GESTION DOCUMENTAL DE CALIDAD UT/Gestión documental de calidad Unión para la Salud Y la Vida SAS/Misionales/Gestión Médica y Asistencial/Gestión especialistas/Documentos de Apoyo/DA-GMD-024 Modelo de historia clínica Dermatologia.docx"
DA-GMD-025;Modelo de historia clínica Medicina Interna.docx;.docx;Gestión especialistas;;2026-08-28T11:37:41;"https://unionsaludvida.sharepoint.com/sites/INTRANET/Documentos compartidos/DOCUMENTOS_INSTITUCIONALES/SISTEMAS_INFORMACION/GESTION DOCUMENTAL DE CALIDAD UT/Gestión documental de calidad Unión para la Salud Y la Vida SAS/Misionales/Gestión Médica y Asistencial/Gestión especialistas/Documentos de Apoyo/DA-GMD-025 Modelo de historia clínica Medicina Interna.docx?web=1";"https://unionsaludvida.sharepoint.com/sites/INTRANET/Documentos compartidos/DOCUMENTOS_INSTITUCIONALES/SISTEMAS_INFORMACION/GESTION DOCUMENTAL DE CALIDAD UT/Gestión documental de calidad Unión para la Salud Y la Vida SAS/Misionales/Gestión Médica y Asistencial/Gestión especialistas/Documentos de Apoyo/DA-GMD-025 Modelo de historia clínica Medicina Interna.docx"
DA-GMD-026;Modelo de historia clínica del programa de anticoagulación.docx;.docx;Gestión medicina general;;2026-08-29T12:17:38;"https://unionsaludvida.sharepoint.com/sites/INTRANET/Documentos compartidos/DOCUMENTOS_INSTITUCIONALES/SISTEMAS_INFORMACION/GESTION DOCUMENTAL DE CALIDAD UT/Gestión documental de calidad Unión para la Salud Y la Vida SAS/Misionales/Gestión Médica y Asistencial/Gestión medicina general/Documentos de Apoyo/DA-GMD-026 Modelo de historia clínica del programa de anticoagulación.docx?web=1";"https://unionsaludvida.sharepoint.com/sites/INTRANET/Documentos compartidos/DOCUMENTOS_INSTITUCIONALES/SISTEMAS_INFORMACION/GESTION DOCUMENTAL DE CALIDAD UT/Gestión documental de calidad Unión para la Salud Y la Vida SAS/Misionales/Gestión Médica y Asistencial/Gestión medicina general/Documentos de Apoyo/DA-GMD-026 Modelo de historia clínica del programa de anticoagulación.docx"
DA-GMD-027;Guia gestón medica.docx;.docx;Gestión medicina general;;2026-08-29T12:17:38;"https://unionsaludvida.sharepoint.com/sites/INTRANET/Documentos compartidos/DOCUMENTOS_INSTITUCIONALES/SISTEMAS_INFORMACION/GESTION DOCUMENTAL DE CALIDAD UT/Gestión documental de calidad Unión para la Salud Y la Vida SAS/Misionales/Gestión Médica y Asistencial/Gestión medicina general/Documentos de Apoyo/DA-GMD-027 Guia gestón medica.docx?web=1";"https://unionsaludvida.sharepoint.com/sites/INTRANET/Documentos compartidos/DOCUMENTOS_INSTITUCIONALES/SISTEMAS_INFORMACION/GESTION DOCUMENTAL DE CALIDAD UT/Gestión documental de calidad Unión para la Salud Y la Vida SAS/Misionales/Gestión Médica y Asistencial/Gestión medicina general/Documentos de Apoyo/DA-GMD-027 Guia gestón medica.docx"
DA-GMD-028;Modelo de historia clínica Ginecologia.docx;.docx;Gestión especialistas;;2026-08-28T11:38:00;"https://unionsaludvida.sharepoint.com/sites/INTRANET/Documentos compartidos/DOCUMENTOS_INSTITUCIONALES/SISTEMAS_INFORMACION/GESTION DOCUMENTAL DE CALIDAD UT/Gestión documental de calidad Unión para la Salud Y la Vida SAS/Misionales/Gestión Médica y Asistencial/Gestión especialistas/Documentos de Apoyo/DA-GMD-028 Modelo de historia clínica Ginecologia.docx?web=1";"https://unionsaludvida.sharepoint.com/sites/INTRANET/Documentos compartidos/DOCUMENTOS_INSTITUCIONALES/SISTEMAS_INFORMACION/GESTION DOCUMENTAL DE CALIDAD UT/Gestión documental de calidad Unión para la Salud Y la Vida SAS/Misionales/Gestión Médica y Asistencial/Gestión especialistas/Documentos de Apoyo/DA-GMD-028 Modelo de historia clínica Ginecologia.docx"
DA-GMD-029;Protocolo sífilis gestacional y congénita.docx;.docx;Gestión medicina general;;2026-08-29T12:17:38;"https://unionsaludvida.sharepoint.com/sites/INTRANET/Documentos compartidos/DOCUMENTOS_INSTITUCIONALES/SISTEMAS_INFORMACION/GESTION DOCUMENTAL DE CALIDAD UT/Gestión documental de calidad Unión para la Salud Y la Vida SAS/Misionales/Gestión Médica y Asistencial/Gestión medicina general/Documentos de Apoyo/DA-GMD-029 Protocolo sífilis gestacional y congénita.docx?web=1";"https://unionsaludvida.sharepoint.com/sites/INTRANET/Documentos compartidos/DOCUMENTOS_INSTITUCIONALES/SISTEMAS_INFORMACION/GESTION DOCUMENTAL DE CALIDAD UT/Gestión documental de calidad Unión para la Salud Y la Vida SAS/Misionales/Gestión Médica y Asistencial/Gestión medicina general/Documentos de Apoyo/DA-GMD-029 Protocolo sífilis gestacional y congénita.docx"
DA-GMD-030;Modelo de historia clinica de consulta de ingreso-control Dislipidemia.docx;.docx;Gestión medicina general;;2026-08-29T12:17:39;"https://unionsaludvida.sharepoint.com/sites/INTRANET/Documentos compartidos/DOCUMENTOS_INSTITUCIONALES/SISTEMAS_INFORMACION/GESTION DOCUMENTAL DE CALIDAD UT/Gestión documental de calidad Unión para la Salud Y la Vida SAS/Misionales/Gestión Médica y Asistencial/Gestión medicina general/Documentos de Apoyo/DA-GMD-030 Modelo de historia clinica de consulta de ingreso-control Dislipidemia.docx?web=1";"https://unionsaludvida.sharepoint.com/sites/INTRANET/Documentos compartidos/DOCUMENTOS_INSTITUCIONALES/SISTEMAS_INFORMACION/GESTION DOCUMENTAL DE CALIDAD UT/Gestión documental de calidad Unión para la Salud Y la Vida SAS/Misionales/Gestión Médica y Asistencial/Gestión medicina general/Documentos de Apoyo/DA-GMD-030 Modelo de historia clinica de consulta de ingreso-control Dislipidemia.docx"
DA-GMD-031;Modelo de historia clínica Pediatría.docx;.docx;Gestión especialistas;;2026-08-28T11:35:57;"https://unionsaludvida.sharepoint.com/sites/INTRANET/Documentos compartidos/DOCUMENTOS_INSTITUCIONALES/SISTEMAS_INFORMACION/GESTION DOCUMENTAL DE CALIDAD UT/Gestión documental de calidad Unión para la Salud Y la Vida SAS/Misionales/Gestión Médica y Asistencial/Gestión especialistas/Documentos de Apoyo/DA-GMD-031 Modelo de historia clínica Pediatría.docx?web=1";"https://unionsaludvida.sharepoint.com/sites/INTRANET/Documentos compartidos/DOCUMENTOS_INSTITUCIONALES/SISTEMAS_INFORMACION/GESTION DOCUMENTAL DE CALIDAD UT/Gestión documental de calidad Unión para la Salud Y la Vida SAS/Misionales/Gestión Médica y Asistencial/Gestión especialistas/Documentos de Apoyo/DA-GMD-031 Modelo de historia clínica Pediatría.docx"
DA-GTI-001;Guion de llamadas a usuarios y reporte de citas medicas.docx;.docx;Tecnologías de la Información;;2026-08-20T18:08:57;"https://unionsaludvida.sharepoint.com/sites/INTRANET/Documentos compartidos/DOCUMENTOS_INSTITUCIONALES/SISTEMAS_INFORMACION/GESTION DOCUMENTAL DE CALIDAD UT/Gestión documental de calidad Unión para la Salud Y la Vida SAS/Apoyo/Gestión TICS/Tecnologías de la Información/Documentos de apoyo/DA-GTI-001 Guion de llamadas a usuarios y reporte de citas medicas.docx?web=1";"https://unionsaludvida.sharepoint.com/sites/INTRANET/Documentos compartidos/DOCUMENTOS_INSTITUCIONALES/SISTEMAS_INFORMACION/GESTION DOCUMENTAL DE CALIDAD UT/Gestión documental de calidad Unión para la Salud Y la Vida SAS/Apoyo/Gestión TICS/Tecnologías de la Información/Documentos de apoyo/DA-GTI-001 Guion de llamadas a usuarios y reporte de citas medicas.docx"
FMT-GFI-001;Conciliacion bancaria.xlsx;.xlsx;Gestión Financiera y Contable;;2026-08-20T19:21:06;"https://unionsaludvida.sharepoint.com/sites/INTRANET/Documentos compartidos/DOCUMENTOS_INSTITUCIONALES/SISTEMAS_INFORMACION/GESTION DOCUMENTAL DE CALIDAD UT/Gestión documental de calidad Unión para la Salud Y la Vida SAS/Apoyo/Gestión Financiera/Gestión Financiera y Contable/Formatos/FMT-GFI-001 Conciliacion bancaria.xlsx?web=1";"https://unionsaludvida.sharepoint.com/sites/INTRANET/Documentos compartidos/DOCUMENTOS_INSTITUCIONALES/SISTEMAS_INFORMACION/GESTION DOCUMENTAL DE CALIDAD UT/Gestión documental de calidad Unión para la Salud Y la Vida SAS/Apoyo/Gestión Financiera/Gestión Financiera y Contable/Formatos/FMT-GFI-001 Conciliacion bancaria.xlsx"
FMT-GFI-002;Reembolso de caja menor.xlsx;.xlsx;Gestión Financiera y Contable;;2026-08-20T19:21:26;"https://unionsaludvida.sharepoint.com/sites/INTRANET/Documentos compartidos/DOCUMENTOS_INSTITUCIONALES/SISTEMAS_INFORMACION/GESTION DOCUMENTAL DE CALIDAD UT/Gestión documental de calidad Unión para la Salud Y la Vida SAS/Apoyo/Gestión Financiera/Gestión Financiera y Contable/Formatos/FMT-GFI-002 Reembolso de caja menor.xlsx?web=1";"https://unionsaludvida.sharepoint.com/sites/INTRANET/Documentos compartidos/DOCUMENTOS_INSTITUCIONALES/SISTEMAS_INFORMACION/GESTION DOCUMENTAL DE CALIDAD UT/Gestión documental de calidad Unión para la Salud Y la Vida SAS/Apoyo/Gestión Financiera/Gestión Financiera y Contable/Formatos/FMT-GFI-002 Reembolso de caja menor.xlsx"
FMT-GFI-003;Formulario de Vinculación de Proveedores.docx;.docx;Gestión Financiera y Contable;;2026-08-28T19:27:25;"https://unionsaludvida.sharepoint.com/sites/INTRANET/Documentos compartidos/DOCUMENTOS_INSTITUCIONALES/SISTEMAS_INFORMACION/GESTION DOCUMENTAL DE CALIDAD UT/Gestión documental de calidad Unión para la Salud Y la Vida SAS/Apoyo/Gestión Financiera/Gestión Financiera y Contable/Formatos/FMT-GFI-003 Formulario de Vinculación de Proveedores.docx?web=1";"https://unionsaludvida.sharepoint.com/sites/INTRANET/Documentos compartidos/DOCUMENTOS_INSTITUCIONALES/SISTEMAS_INFORMACION/GESTION DOCUMENTAL DE CALIDAD UT/Gestión documental de calidad Unión para la Salud Y la Vida SAS/Apoyo/Gestión Financiera/Gestión Financiera y Contable/Formatos/FMT-GFI-003 Formulario de Vinculación de Proveedores.docx"
FMT-GIC-001;Responsabilidades y rendicion de cuentas de participantes de comites.docx;.docx;Gestión Integral de Calidad;;2026-08-28T23:15:23;"https://unionsaludvida.sharepoint.com/sites/INTRANET/Documentos compartidos/DOCUMENTOS_INSTITUCIONALES/SISTEMAS_INFORMACION/GESTION DOCUMENTAL DE CALIDAD UT/Gestión documental de calidad Unión para la Salud Y la Vida SAS/Calidad/Gestión Integral de la calidad/Gestión Integral de Calidad/Formatos/FMT-GIC-001 Responsabilidades y rendicion de cuentas de participantes de comites.docx?web=1";"https://unionsaludvida.sharepoint.com/sites/INTRANET/Documentos compartidos/DOCUMENTOS_INSTITUCIONALES/SISTEMAS_INFORMACION/GESTION DOCUMENTAL DE CALIDAD UT/Gestión documental de calidad Unión para la Salud Y la Vida SAS/Calidad/Gestión Integral de la calidad/Gestión Integral de Calidad/Formatos/FMT-GIC-001 Responsabilidades y rendicion de cuentas de participantes de comites.docx"
FMT-GIC-002;Seguimiento a registros del sistema de gestion documental de calidad.xlsx;.xlsx;Gestión Integral de Calidad;;2026-08-20T00:15:10;"https://unionsaludvida.sharepoint.com/sites/INTRANET/Documentos compartidos/DOCUMENTOS_INSTITUCIONALES/SISTEMAS_INFORMACION/GESTION DOCUMENTAL DE CALIDAD UT/Gestión documental de calidad Unión para la Salud Y la Vida SAS/Calidad/Gestión Integral de la calidad/Gestión Integral de Calidad/Formatos/FMT-GIC-002 Seguimiento a registros del sistema de gestion documental de calidad.xlsx?web=1";"https://unionsaludvida.sharepoint.com/sites/INTRANET/Documentos compartidos/DOCUMENTOS_INSTITUCIONALES/SISTEMAS_INFORMACION/GESTION DOCUMENTAL DE CALIDAD UT/Gestión documental de calidad Unión para la Salud Y la Vida SAS/Calidad/Gestión Integral de la calidad/Gestión Integral de Calidad/Formatos/FMT-GIC-002 Seguimiento a registros del sistema de gestion documental de calidad.xlsx"
FMT-GIC-003;Politica institucional.docx;.docx;Gestión Integral de Calidad;;2026-08-28T23:15:23;"https://unionsaludvida.sharepoint.com/sites/INTRANET/Documentos compartidos/DOCUMENTOS_INSTITUCIONALES/SISTEMAS_INFORMACION/GESTION DOCUMENTAL DE CALIDAD UT/Gestión documental de calidad Unión para la Salud Y la Vida SAS/Calidad/Gestión Integral de la calidad/Gestión Integral de Calidad/Formatos/FMT-GIC-003 Politica institucional.docx?web=1";"https://unionsaludvida.sharepoint.com/sites/INTRANET/Documentos compartidos/DOCUMENTOS_INSTITUCIONALES/SISTEMAS_INFORMACION/GESTION DOCUMENTAL DE CALIDAD UT/Gestión documental de calidad Unión para la Salud Y la Vida SAS/Calidad/Gestión Integral de la calidad/Gestión Integral de Calidad/Formatos/FMT-GIC-003 Politica institucional.docx"
FMT-GIC-004;Manual institucional.docx;.docx;Gestión Integral de Calidad;;2026-08-28T23:15:23;"https://unionsaludvida.sharepoint.com/sites/INTRANET/Documentos compartidos/DOCUMENTOS_INSTITUCIONALES/SISTEMAS_INFORMACION/GESTION DOCUMENTAL DE CALIDAD UT/Gestión documental de calidad Unión para la Salud Y la Vida SAS/Calidad/Gestión Integral de la calidad/Gestión Integral de Calidad/Formatos/FMT-GIC-004 Manual institucional.docx?web=1";"https://unionsaludvida.sharepoint.com/sites/INTRANET/Documentos compartidos/DOCUMENTOS_INSTITUCIONALES/SISTEMAS_INFORMACION/GESTION DOCUMENTAL DE CALIDAD UT/Gestión documental de calidad Unión para la Salud Y la Vida SAS/Calidad/Gestión Integral de la calidad/Gestión Integral de Calidad/Formatos/FMT-GIC-004 Manual institucional.docx"
FMT-GIC-005;Proceso institucional.docx;.docx;Gestión Integral de Calidad;;2026-08-28T23:15:24;"https://unionsaludvida.sharepoint.com/sites/INTRANET/Documentos compartidos/DOCUMENTOS_INSTITUCIONALES/SISTEMAS_INFORMACION/GESTION DOCUMENTAL DE CALIDAD UT/Gestión documental de calidad Unión para la Salud Y la Vida SAS/Calidad/Gestión Integral de la calidad/Gestión Integral de Calidad/Formatos/FMT-GIC-005 Proceso institucional.docx?web=1";"https://unionsaludvida.sharepoint.com/sites/INTRANET/Documentos compartidos/DOCUMENTOS_INSTITUCIONALES/SISTEMAS_INFORMACION/GESTION DOCUMENTAL DE CALIDAD UT/Gestión documental de calidad Unión para la Salud Y la Vida SAS/Calidad/Gestión Integral de la calidad/Gestión Integral de Calidad/Formatos/FMT-GIC-005 Proceso institucional.docx"
FMT-GIC-006;Instructivo institucional.docx;.docx;Gestión Integral de Calidad;;2026-08-28T23:15:24;"https://unionsaludvida.sharepoint.com/sites/INTRANET/Documentos compartidos/DOCUMENTOS_INSTITUCIONALES/SISTEMAS_INFORMACION/GESTION DOCUMENTAL DE CALIDAD UT/Gestión documental de calidad Unión para la Salud Y la Vida SAS/Calidad/Gestión Integral de la calidad/Gestión Integral de Calidad/Formatos/FMT-GIC-006 Instructivo institucional.docx?web=1";"https://unionsaludvida.sharepoint.com/sites/INTRANET/Documentos compartidos/DOCUMENTOS_INSTITUCIONALES/SISTEMAS_INFORMACION/GESTION DOCUMENTAL DE CALIDAD UT/Gestión documental de calidad Unión para la Salud Y la Vida SAS/Calidad/Gestión Integral de la calidad/Gestión Integral de Calidad/Formatos/FMT-GIC-006 Instructivo institucional.docx"
FMT-GIC-007;Formato Institucional.xlsx;.xlsx;Gestión Integral de Calidad;;2026-08-20T00:15:10;"https://unionsaludvida.sharepoint.com/sites/INTRANET/Documentos compartidos/DOCUMENTOS_INSTITUCIONALES/SISTEMAS_INFORMACION/GESTION DOCUMENTAL DE CALIDAD UT/Gestión documental de calidad Unión para la Salud Y la Vida SAS/Calidad/Gestión Integral de la calidad/Gestión Integral de Calidad/Formatos/FMT-GIC-007 Formato Institucional.xlsx?web=1";"https://unionsaludvida.sharepoint.com/sites/INTRANET/Documentos compartidos/DOCUMENTOS_INSTITUCIONALES/SISTEMAS_INFORMACION/GESTION DOCUMENTAL DE CALIDAD UT/Gestión documental de calidad Unión para la Salud Y la Vida SAS/Calidad/Gestión Integral de la calidad/Gestión Integral de Calidad/Formatos/FMT-GIC-007 Formato Institucional.xlsx"
FMT-GIC-008;Documento de apoyo institucional.docx;.docx;Gestión Integral de Calidad;;2026-08-28T23:15:24;"https://unionsaludvida.sharepoint.com/sites/INTRANET/Documentos compartidos/DOCUMENTOS_INSTITUCIONALES/SISTEMAS_INFORMACION/GESTION DOCUMENTAL DE CALIDAD UT/Gestión documental de calidad Unión para la Salud Y la Vida SAS/Calidad/Gestión Integral de la calidad/Gestión Integral de Calidad/Formatos/FMT-GIC-008 Documento de apoyo institucional.docx?web=1";"https://unionsaludvida.sharepoint.com/sites/INTRANET/Documentos compartidos/DOCUMENTOS_INSTITUCIONALES/SISTEMAS_INFORMACION/GESTION DOCUMENTAL DE CALIDAD UT/Gestión documental de calidad Unión para la Salud Y la Vida SAS/Calidad/Gestión Integral de la calidad/Gestión Integral de Calidad/Formatos/FMT-GIC-008 Documento de apoyo institucional.docx"
FMT-GIC-009;Acto administrativo.docx;.docx;Gestión Integral de Calidad;;2026-08-28T23:15:25;"https://unionsaludvida.sharepoint.com/sites/INTRANET/Documentos compartidos/DOCUMENTOS_INSTITUCIONALES/SISTEMAS_INFORMACION/GESTION DOCUMENTAL DE CALIDAD UT/Gestión documental de calidad Unión para la Salud Y la Vida SAS/Calidad/Gestión Integral de la calidad/Gestión Integral de Calidad/Formatos/FMT-GIC-009 Acto administrativo.docx?web=1";"https://unionsaludvida.sharepoint.com/sites/INTRANET/Documentos compartidos/DOCUMENTOS_INSTITUCIONALES/SISTEMAS_INFORMACION/GESTION DOCUMENTAL DE CALIDAD UT/Gestión documental de calidad Unión para la Salud Y la Vida SAS/Calidad/Gestión Integral de la calidad/Gestión Integral de Calidad/Formatos/FMT-GIC-009 Acto administrativo.docx"
FMT-GIC-010;Matriz de indicadores de gestion. (1).xlsx;.xlsx;Gestión Integral de Calidad;;2026-08-20T01:43:30;"https://unionsaludvida.sharepoint.com/sites/INTRANET/Documentos compartidos/DOCUMENTOS_INSTITUCIONALES/SISTEMAS_INFORMACION/GESTION DOCUMENTAL DE CALIDAD UT/Gestión documental de calidad Unión para la Salud Y la Vida SAS/Calidad/Gestión Integral de la calidad/Gestión Integral de Calidad/Formatos/FMT-GIC-010 Matriz de indicadores de gestion. (1).xlsx?web=1";"https://unionsaludvida.sharepoint.com/sites/INTRANET/Documentos compartidos/DOCUMENTOS_INSTITUCIONALES/SISTEMAS_INFORMACION/GESTION DOCUMENTAL DE CALIDAD UT/Gestión documental de calidad Unión para la Salud Y la Vida SAS/Calidad/Gestión Integral de la calidad/Gestión Integral de Calidad/Formatos/FMT-GIC-010 Matriz de indicadores de gestion. (1).xlsx"
FMT-GIC-011;Ficha tecnica de indicadores de gestion..xlsx;.xlsx;Gestión Integral de Calidad;;2026-08-20T01:43:30;"https://unionsaludvida.sharepoint.com/sites/INTRANET/Documentos compartidos/DOCUMENTOS_INSTITUCIONALES/SISTEMAS_INFORMACION/GESTION DOCUMENTAL DE CALIDAD UT/Gestión documental de calidad Unión para la Salud Y la Vida SAS/Calidad/Gestión Integral de la calidad/Gestión Integral de Calidad/Formatos/FMT-GIC-011 Ficha tecnica de indicadores de gestion..xlsx?web=1";"https://unionsaludvida.sharepoint.com/sites/INTRANET/Documentos compartidos/DOCUMENTOS_INSTITUCIONALES/SISTEMAS_INFORMACION/GESTION DOCUMENTAL DE CALIDAD UT/Gestión documental de calidad Unión para la Salud Y la Vida SAS/Calidad/Gestión Integral de la calidad/Gestión Integral de Calidad/Formatos/FMT-GIC-011 Ficha tecnica de indicadores de gestion..xlsx"
FMT-GIC-012;Acta de reunion.docx;.docx;Gestión Integral de Calidad;;2026-08-28T23:15:25;"https://unionsaludvida.sharepoint.com/sites/INTRANET/Documentos compartidos/DOCUMENTOS_INSTITUCIONALES/SISTEMAS_INFORMACION/GESTION DOCUMENTAL DE CALIDAD UT/Gestión documental de calidad Unión para la Salud Y la Vida SAS/Calidad/Gestión Integral de la calidad/Gestión Integral de Calidad/Formatos/FMT-GIC-012 Acta de reunion.docx?web=1";"https://unionsaludvida.sharepoint.com/sites/INTRANET/Documentos compartidos/DOCUMENTOS_INSTITUCIONALES/SISTEMAS_INFORMACION/GESTION DOCUMENTAL DE CALIDAD UT/Gestión documental de calidad Unión para la Salud Y la Vida SAS/Calidad/Gestión Integral de la calidad/Gestión Integral de Calidad/Formatos/FMT-GIC-012 Acta de reunion.docx"
FMT-GIC-013;Plan de mejoramiento.xlsx;.xlsx;Gestión Integral de Calidad;;2026-08-20T00:15:10;"https://unionsaludvida.sharepoint.com/sites/INTRANET/Documentos compartidos/DOCUMENTOS_INSTITUCIONALES/SISTEMAS_INFORMACION/GESTION DOCUMENTAL DE CALIDAD UT/Gestión documental de calidad Unión para la Salud Y la Vida SAS/Calidad/Gestión Integral de la calidad/Gestión Integral de Calidad/Formatos/FMT-GIC-013 Plan de mejoramiento.xlsx?web=1";"https://unionsaludvida.sharepoint.com/sites/INTRANET/Documentos compartidos/DOCUMENTOS_INSTITUCIONALES/SISTEMAS_INFORMACION/GESTION DOCUMENTAL DE CALIDAD UT/Gestión documental de calidad Unión para la Salud Y la Vida SAS/Calidad/Gestión Integral de la calidad/Gestión Integral de Calidad/Formatos/FMT-GIC-013 Plan de mejoramiento.xlsx"
FMT-GIC-014;Entrega de documentacion, registros y procesos.docx;.docx;Gestión Integral de Calidad;;2026-08-28T23:15:22;"https://unionsaludvida.sharepoint.com/sites/INTRANET/Documentos compartidos/DOCUMENTOS_INSTITUCIONALES/SISTEMAS_INFORMACION/GESTION DOCUMENTAL DE CALIDAD UT/Gestión documental de calidad Unión para la Salud Y la Vida SAS/Calidad/Gestión Integral de la calidad/Gestión Integral de Calidad/Formatos/FMT-GIC-014 Entrega de documentacion, registros y procesos.docx?web=1";"https://unionsaludvida.sharepoint.com/sites/INTRANET/Documentos compartidos/DOCUMENTOS_INSTITUCIONALES/SISTEMAS_INFORMACION/GESTION DOCUMENTAL DE CALIDAD UT/Gestión documental de calidad Unión para la Salud Y la Vida SAS/Calidad/Gestión Integral de la calidad/Gestión Integral de Calidad/Formatos/FMT-GIC-014 Entrega de documentacion, registros y procesos.docx"
FMT-GMD-001;Fomato auditoria de historia clinica consulta medica general.xlsx;.xlsx;Gestión Integral de Calidad;;2026-08-22T15:31:55;"https://unionsaludvida.sharepoint.com/sites/INTRANET/Documentos compartidos/DOCUMENTOS_INSTITUCIONALES/SISTEMAS_INFORMACION/GESTION DOCUMENTAL DE CALIDAD UT/Gestión documental de calidad Unión para la Salud Y la Vida SAS/Calidad/Gestión Integral de la calidad/Gestión Integral de Calidad/Formatos/FMT-GMD-001 Fomato auditoria de historia clinica consulta medica general.xlsx?web=1";"https://unionsaludvida.sharepoint.com/sites/INTRANET/Documentos compartidos/DOCUMENTOS_INSTITUCIONALES/SISTEMAS_INFORMACION/GESTION DOCUMENTAL DE CALIDAD UT/Gestión documental de calidad Unión para la Salud Y la Vida SAS/Calidad/Gestión Integral de la calidad/Gestión Integral de Calidad/Formatos/FMT-GMD-001 Fomato auditoria de historia clinica consulta medica general.xlsx"
FMT-GMD-002;Auditoría de historia clínica de Teleconsulta.xlsx;.xlsx;Gestión Integral de Calidad;;2026-08-20T01:40:54;"https://unionsaludvida.sharepoint.com/sites/INTRANET/Documentos compartidos/DOCUMENTOS_INSTITUCIONALES/SISTEMAS_INFORMACION/GESTION DOCUMENTAL DE CALIDAD UT/Gestión documental de calidad Unión para la Salud Y la Vida SAS/Calidad/Gestión Integral de la calidad/Gestión Integral de Calidad/Formatos/FMT-GMD-002 Auditoría de historia clínica de Teleconsulta.xlsx?web=1";"https://unionsaludvida.sharepoint.com/sites/INTRANET/Documentos compartidos/DOCUMENTOS_INSTITUCIONALES/SISTEMAS_INFORMACION/GESTION DOCUMENTAL DE CALIDAD UT/Gestión documental de calidad Unión para la Salud Y la Vida SAS/Calidad/Gestión Integral de la calidad/Gestión Integral de Calidad/Formatos/FMT-GMD-002 Auditoría de historia clínica de Teleconsulta.xlsx"
FMT-GMD-003;Auditoría de historia clínica puerta de entrada y seguimiento COVID 19.xlsx;.xlsx;Gestión Integral de Calidad;;2026-08-20T01:40:54;"https://unionsaludvida.sharepoint.com/sites/INTRANET/Documentos compartidos/DOCUMENTOS_INSTITUCIONALES/SISTEMAS_INFORMACION/GESTION DOCUMENTAL DE CALIDAD UT/Gestión documental de calidad Unión para la Salud Y la Vida SAS/Calidad/Gestión Integral de la calidad/Gestión Integral de Calidad/Formatos/FMT-GMD-003 Auditoría de historia clínica puerta de entrada y seguimiento COVID 19.xlsx?web=1";"https://unionsaludvida.sharepoint.com/sites/INTRANET/Documentos compartidos/DOCUMENTOS_INSTITUCIONALES/SISTEMAS_INFORMACION/GESTION DOCUMENTAL DE CALIDAD UT/Gestión documental de calidad Unión para la Salud Y la Vida SAS/Calidad/Gestión Integral de la calidad/Gestión Integral de Calidad/Formatos/FMT-GMD-003 Auditoría de historia clínica puerta de entrada y seguimiento COVID 19.xlsx"
FMT-GMD-004;Auditoria de historia clinica sede covid.xlsx;.xlsx;Gestión Integral de Calidad;;2026-08-20T01:40:54;"https://unionsaludvida.sharepoint.com/sites/INTRANET/Documentos compartidos/DOCUMENTOS_INSTITUCIONALES/SISTEMAS_INFORMACION/GESTION DOCUMENTAL DE CALIDAD UT/Gestión documental de calidad Unión para la Salud Y la Vida SAS/Calidad/Gestión Integral de la calidad/Gestión Integral de Calidad/Formatos/FMT-GMD-004 Auditoria de historia clinica sede covid.xlsx?web=1";"https://unionsaludvida.sharepoint.com/sites/INTRANET/Documentos compartidos/DOCUMENTOS_INSTITUCIONALES/SISTEMAS_INFORMACION/GESTION DOCUMENTAL DE CALIDAD UT/Gestión documental de calidad Unión para la Salud Y la Vida SAS/Calidad/Gestión Integral de la calidad/Gestión Integral de Calidad/Formatos/FMT-GMD-004 Auditoria de historia clinica sede covid.xlsx"
FMT-GMD-005;Entrega de turno.xlsx;.xlsx;Gestión medicina general;;2026-08-28T11:34:58;"https://unionsaludvida.sharepoint.com/sites/INTRANET/Documentos compartidos/DOCUMENTOS_INSTITUCIONALES/SISTEMAS_INFORMACION/GESTION DOCUMENTAL DE CALIDAD UT/Gestión documental de calidad Unión para la Salud Y la Vida SAS/Misionales/Gestión Médica y Asistencial/Gestión medicina general/Formatos/FMT-GMD-005 Entrega de turno.xlsx?web=1";"https://unionsaludvida.sharepoint.com/sites/INTRANET/Documentos compartidos/DOCUMENTOS_INSTITUCIONALES/SISTEMAS_INFORMACION/GESTION DOCUMENTAL DE CALIDAD UT/Gestión documental de calidad Unión para la Salud Y la Vida SAS/Misionales/Gestión Médica y Asistencial/Gestión medicina general/Formatos/FMT-GMD-005 Entrega de turno.xlsx"
FMT-GMD-006;Auditoría historia clínica AIEPI.xlsx;.xlsx;Gestión Integral de Calidad;;2026-08-20T01:48:39;"https://unionsaludvida.sharepoint.com/sites/INTRANET/Documentos compartidos/DOCUMENTOS_INSTITUCIONALES/SISTEMAS_INFORMACION/GESTION DOCUMENTAL DE CALIDAD UT/Gestión documental de calidad Unión para la Salud Y la Vida SAS/Calidad/Gestión Integral de la calidad/Gestión Integral de Calidad/Formatos/FMT-GMD-006 Auditoría historia clínica AIEPI.xlsx?web=1";"https://unionsaludvida.sharepoint.com/sites/INTRANET/Documentos compartidos/DOCUMENTOS_INSTITUCIONALES/SISTEMAS_INFORMACION/GESTION DOCUMENTAL DE CALIDAD UT/Gestión documental de calidad Unión para la Salud Y la Vida SAS/Calidad/Gestión Integral de la calidad/Gestión Integral de Calidad/Formatos/FMT-GMD-006 Auditoría historia clínica AIEPI.xlsx"
FMT-GMD-007;Auditoría de pertinencia Ayudas diagnósticas.xlsx;.xlsx;Gestión Integral de Calidad;;2026-08-20T01:40:54;"https://unionsaludvida.sharepoint.com/sites/INTRANET/Documentos compartidos/DOCUMENTOS_INSTITUCIONALES/SISTEMAS_INFORMACION/GESTION DOCUMENTAL DE CALIDAD UT/Gestión documental de calidad Unión para la Salud Y la Vida SAS/Calidad/Gestión Integral de la calidad/Gestión Integral de Calidad/Formatos/FMT-GMD-007 Auditoría de pertinencia Ayudas diagnósticas.xlsx?web=1";"https://unionsaludvida.sharepoint.com/sites/INTRANET/Documentos compartidos/DOCUMENTOS_INSTITUCIONALES/SISTEMAS_INFORMACION/GESTION DOCUMENTAL DE CALIDAD UT/Gestión documental de calidad Unión para la Salud Y la Vida SAS/Calidad/Gestión Integral de la calidad/Gestión Integral de Calidad/Formatos/FMT-GMD-007 Auditoría de pertinencia Ayudas diagnósticas.xlsx"
FMT-GMD-008;Informe de auditoria de historia clinica.docx;.docx;Gestión Integral de Calidad;;2026-08-28T23:15:22;"https://unionsaludvida.sharepoint.com/sites/INTRANET/Documentos compartidos/DOCUMENTOS_INSTITUCIONALES/SISTEMAS_INFORMACION/GESTION DOCUMENTAL DE CALIDAD UT/Gestión documental de calidad Unión para la Salud Y la Vida SAS/Calidad/Gestión Integral de la calidad/Gestión Integral de Calidad/Formatos/FMT-GMD-008 Informe de auditoria de historia clinica.docx?web=1";"https://unionsaludvida.sharepoint.com/sites/INTRANET/Documentos compartidos/DOCUMENTOS_INSTITUCIONALES/SISTEMAS_INFORMACION/GESTION DOCUMENTAL DE CALIDAD UT/Gestión documental de calidad Unión para la Salud Y la Vida SAS/Calidad/Gestión Integral de la calidad/Gestión Integral de Calidad/Formatos/FMT-GMD-008 Informe de auditoria de historia clinica.docx"
FMT-GMD-010;Reporte y analisis de seguridad del paciente (1).xlsx;.xlsx;Gestión medicina general;;2026-08-28T11:34:58;"https://unionsaludvida.sharepoint.com/sites/INTRANET/Documentos compartidos/DOCUMENTOS_INSTITUCIONALES/SISTEMAS_INFORMACION/GESTION DOCUMENTAL DE CALIDAD UT/Gestión documental de calidad Unión para la Salud Y la Vida SAS/Misionales/Gestión Médica y Asistencial/Gestión medicina general/Formatos/FMT-GMD-010 Reporte y analisis de seguridad del paciente (1).xlsx?web=1";"https://unionsaludvida.sharepoint.com/sites/INTRANET/Documentos compartidos/DOCUMENTOS_INSTITUCIONALES/SISTEMAS_INFORMACION/GESTION DOCUMENTAL DE CALIDAD UT/Gestión documental de calidad Unión para la Salud Y la Vida SAS/Misionales/Gestión Médica y Asistencial/Gestión medicina general/Formatos/FMT-GMD-010 Reporte y analisis de seguridad del paciente (1).xlsx"
FMT-GMD-011;Formato entrega proveedores asistenciales.docx;.docx;Gestión medicina general;;2026-08-28T11:34:58;"https://unionsaludvida.sharepoint.com/sites/INTRANET/Documentos compartidos/DOCUMENTOS_INSTITUCIONALES/SISTEMAS_INFORMACION/GESTION DOCUMENTAL DE CALIDAD UT/Gestión documental de calidad Unión para la Salud Y la Vida SAS/Misionales/Gestión Médica y Asistencial/Gestión medicina general/Formatos/FMT-GMD-011 Formato entrega proveedores asistenciales.docx?web=1";"https://unionsaludvida.sharepoint.com/sites/INTRANET/Documentos compartidos/DOCUMENTOS_INSTITUCIONALES/SISTEMAS_INFORMACION/GESTION DOCUMENTAL DE CALIDAD UT/Gestión documental de calidad Unión para la Salud Y la Vida SAS/Misionales/Gestión Médica y Asistencial/Gestión medicina general/Formatos/FMT-GMD-011 Formato entrega proveedores asistenciales.docx"
FMT-GMD-012;Fomato auditoria de historia clinica consulta CPR.xlsx;.xlsx;Gestión Integral de Calidad;;2026-08-22T15:36:50;"https://unionsaludvida.sharepoint.com/sites/INTRANET/Documentos compartidos/DOCUMENTOS_INSTITUCIONALES/SISTEMAS_INFORMACION/GESTION DOCUMENTAL DE CALIDAD UT/Gestión documental de calidad Unión para la Salud Y la Vida SAS/Calidad/Gestión Integral de la calidad/Gestión Integral de Calidad/Formatos/FMT-GMD-012 Fomato auditoria de historia clinica consulta CPR.xlsx?web=1";"https://unionsaludvida.sharepoint.com/sites/INTRANET/Documentos compartidos/DOCUMENTOS_INSTITUCIONALES/SISTEMAS_INFORMACION/GESTION DOCUMENTAL DE CALIDAD UT/Gestión documental de calidad Unión para la Salud Y la Vida SAS/Calidad/Gestión Integral de la calidad/Gestión Integral de Calidad/Formatos/FMT-GMD-012 Fomato auditoria de historia clinica consulta CPR.xlsx"
FMT-GMD-013;Diagrama de Proceso de especialistas.xlsx;.xlsx;Gestión especialistas;;2026-08-28T11:34:46;"https://unionsaludvida.sharepoint.com/sites/INTRANET/Documentos compartidos/DOCUMENTOS_INSTITUCIONALES/SISTEMAS_INFORMACION/GESTION DOCUMENTAL DE CALIDAD UT/Gestión documental de calidad Unión para la Salud Y la Vida SAS/Misionales/Gestión Médica y Asistencial/Gestión especialistas/Formatos/FMT-GMD-013 Diagrama de Proceso de especialistas.xlsx?web=1";"https://unionsaludvida.sharepoint.com/sites/INTRANET/Documentos compartidos/DOCUMENTOS_INSTITUCIONALES/SISTEMAS_INFORMACION/GESTION DOCUMENTAL DE CALIDAD UT/Gestión documental de calidad Unión para la Salud Y la Vida SAS/Misionales/Gestión Médica y Asistencial/Gestión especialistas/Formatos/FMT-GMD-013 Diagrama de Proceso de especialistas.xlsx"
FMT-GMD-014;Fomato auditoria de historia clinica consulta ginecología.xlsx;.xlsx;Gestión Integral de Calidad;;2026-08-22T15:38:18;"https://unionsaludvida.sharepoint.com/sites/INTRANET/Documentos compartidos/DOCUMENTOS_INSTITUCIONALES/SISTEMAS_INFORMACION/GESTION DOCUMENTAL DE CALIDAD UT/Gestión documental de calidad Unión para la Salud Y la Vida SAS/Calidad/Gestión Integral de la calidad/Gestión Integral de Calidad/Formatos/FMT-GMD-014 Fomato auditoria de historia clinica consulta ginecología.xlsx?web=1";"https://unionsaludvida.sharepoint.com/sites/INTRANET/Documentos compartidos/DOCUMENTOS_INSTITUCIONALES/SISTEMAS_INFORMACION/GESTION DOCUMENTAL DE CALIDAD UT/Gestión documental de calidad Unión para la Salud Y la Vida SAS/Calidad/Gestión Integral de la calidad/Gestión Integral de Calidad/Formatos/FMT-GMD-014 Fomato auditoria de historia clinica consulta ginecología.xlsx"
FMT-GMD-015;Fomato auditoria de historia clinica consulta infancia.xlsx;.xlsx;Gestión Integral de Calidad;;2026-08-22T15:39:23;"https://unionsaludvida.sharepoint.com/sites/INTRANET/Documentos compartidos/DOCUMENTOS_INSTITUCIONALES/SISTEMAS_INFORMACION/GESTION DOCUMENTAL DE CALIDAD UT/Gestión documental de calidad Unión para la Salud Y la Vida SAS/Calidad/Gestión Integral de la calidad/Gestión Integral de Calidad/Formatos/FMT-GMD-015 Fomato auditoria de historia clinica consulta infancia.xlsx?web=1";"https://unionsaludvida.sharepoint.com/sites/INTRANET/Documentos compartidos/DOCUMENTOS_INSTITUCIONALES/SISTEMAS_INFORMACION/GESTION DOCUMENTAL DE CALIDAD UT/Gestión documental de calidad Unión para la Salud Y la Vida SAS/Calidad/Gestión Integral de la calidad/Gestión Integral de Calidad/Formatos/FMT-GMD-015 Fomato auditoria de historia clinica consulta infancia.xlsx"
FMT-GMD-016;Seguimiento Modelos de Alta Resolutividad.xlsx;.xlsx;Gestión especialistas;;2026-08-28T11:34:46;"https://unionsaludvida.sharepoint.com/sites/INTRANET/Documentos compartidos/DOCUMENTOS_INSTITUCIONALES/SISTEMAS_INFORMACION/GESTION DOCUMENTAL DE CALIDAD UT/Gestión documental de calidad Unión para la Salud Y la Vida SAS/Misionales/Gestión Médica y Asistencial/Gestión especialistas/Formatos/FMT-GMD-016 Seguimiento Modelos de Alta Resolutividad.xlsx?web=1";"https://unionsaludvida.sharepoint.com/sites/INTRANET/Documentos compartidos/DOCUMENTOS_INSTITUCIONALES/SISTEMAS_INFORMACION/GESTION DOCUMENTAL DE CALIDAD UT/Gestión documental de calidad Unión para la Salud Y la Vida SAS/Misionales/Gestión Médica y Asistencial/Gestión especialistas/Formatos/FMT-GMD-016 Seguimiento Modelos de Alta Resolutividad.xlsx"
FMT-GMD-017;Fomato auditoria de historia clinica consulta medicina interna.xlsx;.xlsx;Gestión Integral de Calidad;;2026-08-22T15:40:21;"https://unionsaludvida.sharepoint.com/sites/INTRANET/Documentos compartidos/DOCUMENTOS_INSTITUCIONALES/SISTEMAS_INFORMACION/GESTION DOCUMENTAL DE CALIDAD UT/Gestión documental de calidad Unión para la Salud Y la Vida SAS/Calidad/Gestión Integral de la calidad/Gestión Integral de Calidad/Formatos/FMT-GMD-017 Fomato auditoria de historia clinica consulta medicina interna.xlsx?web=1";"https://unionsaludvida.sharepoint.com/sites/INTRANET/Documentos compartidos/DOCUMENTOS_INSTITUCIONALES/SISTEMAS_INFORMACION/GESTION DOCUMENTAL DE CALIDAD UT/Gestión documental de calidad Unión para la Salud Y la Vida SAS/Calidad/Gestión Integral de la calidad/Gestión Integral de Calidad/Formatos/FMT-GMD-017 Fomato auditoria de historia clinica consulta medicina interna.xlsx"
FMT-GMD-018;Fomato auditoria de historia clinica consulta pediatria.xlsx;.xlsx;Gestión Integral de Calidad;;2026-08-22T15:40:37;"https://unionsaludvida.sharepoint.com/sites/INTRANET/Documentos compartidos/DOCUMENTOS_INSTITUCIONALES/SISTEMAS_INFORMACION/GESTION DOCUMENTAL DE CALIDAD UT/Gestión documental de calidad Unión para la Salud Y la Vida SAS/Calidad/Gestión Integral de la calidad/Gestión Integral de Calidad/Formatos/FMT-GMD-018 Fomato auditoria de historia clinica consulta pediatria.xlsx?web=1";"https://unionsaludvida.sharepoint.com/sites/INTRANET/Documentos compartidos/DOCUMENTOS_INSTITUCIONALES/SISTEMAS_INFORMACION/GESTION DOCUMENTAL DE CALIDAD UT/Gestión documental de calidad Unión para la Salud Y la Vida SAS/Calidad/Gestión Integral de la calidad/Gestión Integral de Calidad/Formatos/FMT-GMD-018 Fomato auditoria de historia clinica consulta pediatria.xlsx"
FMT-GMD-019;Fomato auditoria de historia clinica consulta RCV.xlsx;.xlsx;Gestión Integral de Calidad;;2026-08-22T15:40:52;"https://unionsaludvida.sharepoint.com/sites/INTRANET/Documentos compartidos/DOCUMENTOS_INSTITUCIONALES/SISTEMAS_INFORMACION/GESTION DOCUMENTAL DE CALIDAD UT/Gestión documental de calidad Unión para la Salud Y la Vida SAS/Calidad/Gestión Integral de la calidad/Gestión Integral de Calidad/Formatos/FMT-GMD-019 Fomato auditoria de historia clinica consulta RCV.xlsx?web=1";"https://unionsaludvida.sharepoint.com/sites/INTRANET/Documentos compartidos/DOCUMENTOS_INSTITUCIONALES/SISTEMAS_INFORMACION/GESTION DOCUMENTAL DE CALIDAD UT/Gestión documental de calidad Unión para la Salud Y la Vida SAS/Calidad/Gestión Integral de la calidad/Gestión Integral de Calidad/Formatos/FMT-GMD-019 Fomato auditoria de historia clinica consulta RCV.xlsx"
FMT-GTH-001;Requisición de personal.docx;.docx;Selección;;2026-08-22T10:51:16;"https://unionsaludvida.sharepoint.com/sites/INTRANET/Documentos compartidos/DOCUMENTOS_INSTITUCIONALES/DIRECCION_ADMIN_FINAN/COORD_GESTION_HUMANA/ARCHIVOS_COORD_GH/GESTION CALIDAD -GH/Gestion del talento humano/DOCUMENTOS UNION PARA LA SALUD Y LA VIDA/SELECCIÓN/FMT-GTH-001 Requisición de personal.docx?web=1";"https://unionsaludvida.sharepoint.com/sites/INTRANET/Documentos compartidos/DOCUMENTOS_INSTITUCIONALES/DIRECCION_ADMIN_FINAN/COORD_GESTION_HUMANA/ARCHIVOS_COORD_GH/GESTION CALIDAD -GH/Gestion del talento humano/DOCUMENTOS UNION PARA LA SALUD Y LA VIDA/SELECCIÓN/FMT-GTH-001 Requisición de personal.docx"
FMT-GTH-002;Entrevista lider area.docx;.docx;Selección;;2026-08-21T19:41:58;"https://unionsaludvida.sharepoint.com/sites/INTRANET/Documentos compartidos/DOCUMENTOS_INSTITUCIONALES/DIRECCION_ADMIN_FINAN/COORD_GESTION_HUMANA/ARCHIVOS_COORD_GH/GESTION CALIDAD -GH/Gestion del talento humano/DOCUMENTOS UNION PARA LA SALUD Y LA VIDA/SELECCIÓN/FMT-GTH-002 Entrevista lider area.docx?web=1";"https://unionsaludvida.sharepoint.com/sites/INTRANET/Documentos compartidos/DOCUMENTOS_INSTITUCIONALES/DIRECCION_ADMIN_FINAN/COORD_GESTION_HUMANA/ARCHIVOS_COORD_GH/GESTION CALIDAD -GH/Gestion del talento humano/DOCUMENTOS UNION PARA LA SALUD Y LA VIDA/SELECCIÓN/FMT-GTH-002 Entrevista lider area.docx"
FMT-GTH-003;Formato de asistencia formacion.xlsx;.xlsx;Formacion;;2026-08-21T19:41:58;"https://unionsaludvida.sharepoint.com/sites/INTRANET/Documentos compartidos/DOCUMENTOS_INSTITUCIONALES/DIRECCION_ADMIN_FINAN/COORD_GESTION_HUMANA/ARCHIVOS_COORD_GH/GESTION CALIDAD -GH/Gestion del talento humano/DOCUMENTOS UNION PARA LA SALUD Y LA VIDA/FORMACION/FMT-GTH-003 Formato de asistencia formacion.xlsx?web=1";"https://unionsaludvida.sharepoint.com/sites/INTRANET/Documentos compartidos/DOCUMENTOS_INSTITUCIONALES/DIRECCION_ADMIN_FINAN/COORD_GESTION_HUMANA/ARCHIVOS_COORD_GH/GESTION CALIDAD -GH/Gestion del talento humano/DOCUMENTOS UNION PARA LA SALUD Y LA VIDA/FORMACION/FMT-GTH-003 Formato de asistencia formacion.xlsx"
FMT-GTH-004;Solicitud cambios de turno.xlsx;.xlsx;Bienestar;;2026-08-21T19:41:58;"https://unionsaludvida.sharepoint.com/sites/INTRANET/Documentos compartidos/DOCUMENTOS_INSTITUCIONALES/DIRECCION_ADMIN_FINAN/COORD_GESTION_HUMANA/ARCHIVOS_COORD_GH/GESTION CALIDAD -GH/Gestion del talento humano/DOCUMENTOS UNION PARA LA SALUD Y LA VIDA/BIENESTAR/FMT-GTH-004 Solicitud cambios de turno.xlsx?web=1";"https://unionsaludvida.sharepoint.com/sites/INTRANET/Documentos compartidos/DOCUMENTOS_INSTITUCIONALES/DIRECCION_ADMIN_FINAN/COORD_GESTION_HUMANA/ARCHIVOS_COORD_GH/GESTION CALIDAD -GH/Gestion del talento humano/DOCUMENTOS UNION PARA LA SALUD Y LA VIDA/BIENESTAR/FMT-GTH-004 Solicitud cambios de turno.xlsx"
FMT-GTH-005;Seguimiento al talento humano.docx;.docx;Desempeño;;2026-08-21T19:41:58;"https://unionsaludvida.sharepoint.com/sites/INTRANET/Documentos compartidos/DOCUMENTOS_INSTITUCIONALES/DIRECCION_ADMIN_FINAN/COORD_GESTION_HUMANA/ARCHIVOS_COORD_GH/GESTION CALIDAD -GH/Gestion del talento humano/DOCUMENTOS UNION PARA LA SALUD Y LA VIDA/DESEMPEÑO/FMT-GTH-005 Seguimiento al talento humano.docx?web=1";"https://unionsaludvida.sharepoint.com/sites/INTRANET/Documentos compartidos/DOCUMENTOS_INSTITUCIONALES/DIRECCION_ADMIN_FINAN/COORD_GESTION_HUMANA/ARCHIVOS_COORD_GH/GESTION CALIDAD -GH/Gestion del talento humano/DOCUMENTOS UNION PARA LA SALUD Y LA VIDA/DESEMPEÑO/FMT-GTH-005 Seguimiento al talento humano.docx"
FMT-GTH-006;Asistencia a entrevista grupal.xlsx;.xlsx;Selección;;2026-08-21T19:41:58;"https://unionsaludvida.sharepoint.com/sites/INTRANET/Documentos compartidos/DOCUMENTOS_INSTITUCIONALES/DIRECCION_ADMIN_FINAN/COORD_GESTION_HUMANA/ARCHIVOS_COORD_GH/GESTION CALIDAD -GH/Gestion del talento humano/DOCUMENTOS UNION PARA LA SALUD Y LA VIDA/SELECCIÓN/FMT-GTH-006 Asistencia a entrevista grupal.xlsx?web=1";"https://unionsaludvida.sharepoint.com/sites/INTRANET/Documentos compartidos/DOCUMENTOS_INSTITUCIONALES/DIRECCION_ADMIN_FINAN/COORD_GESTION_HUMANA/ARCHIVOS_COORD_GH/GESTION CALIDAD -GH/Gestion del talento humano/DOCUMENTOS UNION PARA LA SALUD Y LA VIDA/SELECCIÓN/FMT-GTH-006 Asistencia a entrevista grupal.xlsx"
FMT-GTH-007;Actualizacion hoja de vida.docx;.docx;Selección;;2026-08-21T19:41:58;"https://unionsaludvida.sharepoint.com/sites/INTRANET/Documentos compartidos/DOCUMENTOS_INSTITUCIONALES/DIRECCION_ADMIN_FINAN/COORD_GESTION_HUMANA/ARCHIVOS_COORD_GH/GESTION CALIDAD -GH/Gestion del talento humano/DOCUMENTOS UNION PARA LA SALUD Y LA VIDA/SELECCIÓN/FMT-GTH-007 Actualizacion hoja de vida.docx?web=1";"https://unionsaludvida.sharepoint.com/sites/INTRANET/Documentos compartidos/DOCUMENTOS_INSTITUCIONALES/DIRECCION_ADMIN_FINAN/COORD_GESTION_HUMANA/ARCHIVOS_COORD_GH/GESTION CALIDAD -GH/Gestion del talento humano/DOCUMENTOS UNION PARA LA SALUD Y LA VIDA/SELECCIÓN/FMT-GTH-007 Actualizacion hoja de vida.docx"
FMT-GTH-008;Autobiografia.docx;.docx;Selección;;2026-08-21T19:41:58;"https://unionsaludvida.sharepoint.com/sites/INTRANET/Documentos compartidos/DOCUMENTOS_INSTITUCIONALES/DIRECCION_ADMIN_FINAN/COORD_GESTION_HUMANA/ARCHIVOS_COORD_GH/GESTION CALIDAD -GH/Gestion del talento humano/DOCUMENTOS UNION PARA LA SALUD Y LA VIDA/SELECCIÓN/FMT-GTH-008 Autobiografia.docx?web=1";"https://unionsaludvida.sharepoint.com/sites/INTRANET/Documentos compartidos/DOCUMENTOS_INSTITUCIONALES/DIRECCION_ADMIN_FINAN/COORD_GESTION_HUMANA/ARCHIVOS_COORD_GH/GESTION CALIDAD -GH/Gestion del talento humano/DOCUMENTOS UNION PARA LA SALUD Y LA VIDA/SELECCIÓN/FMT-GTH-008 Autobiografia.docx"
FMT-GTH-009;Documentacion requerida para el ingreso de personal.xlsx;.xlsx;Selección;;2026-08-21T19:41:58;"https://unionsaludvida.sharepoint.com/sites/INTRANET/Documentos compartidos/DOCUMENTOS_INSTITUCIONALES/DIRECCION_ADMIN_FINAN/COORD_GESTION_HUMANA/ARCHIVOS_COORD_GH/GESTION CALIDAD -GH/Gestion del talento humano/DOCUMENTOS UNION PARA LA SALUD Y LA VIDA/SELECCIÓN/FMT-GTH-009 Documentacion requerida para el ingreso de personal.xlsx?web=1";"https://unionsaludvida.sharepoint.com/sites/INTRANET/Documentos compartidos/DOCUMENTOS_INSTITUCIONALES/DIRECCION_ADMIN_FINAN/COORD_GESTION_HUMANA/ARCHIVOS_COORD_GH/GESTION CALIDAD -GH/Gestion del talento humano/DOCUMENTOS UNION PARA LA SALUD Y LA VIDA/SELECCIÓN/FMT-GTH-009 Documentacion requerida para el ingreso de personal.xlsx"
FMT-GTH-010;Documentacion requerida para prestacion de servicios.xlsx;.xlsx;Selección;;2026-08-21T19:41:58;"https://unionsaludvida.sharepoint.com/sites/INTRANET/Documentos compartidos/DOCUMENTOS_INSTITUCIONALES/DIRECCION_ADMIN_FINAN/COORD_GESTION_HUMANA/ARCHIVOS_COORD_GH/GESTION CALIDAD -GH/Gestion del talento humano/DOCUMENTOS UNION PARA LA SALUD Y LA VIDA/SELECCIÓN/FMT-GTH-010 Documentacion requerida para prestacion de servicios.xlsx?web=1";"https://unionsaludvida.sharepoint.com/sites/INTRANET/Documentos compartidos/DOCUMENTOS_INSTITUCIONALES/DIRECCION_ADMIN_FINAN/COORD_GESTION_HUMANA/ARCHIVOS_COORD_GH/GESTION CALIDAD -GH/Gestion del talento humano/DOCUMENTOS UNION PARA LA SALUD Y LA VIDA/SELECCIÓN/FMT-GTH-010 Documentacion requerida para prestacion de servicios.xlsx"
FMT-GTH-011;Documentacion requerida para el ingreso de personal en formacion.xlsx;.xlsx;Selección;;2026-08-21T19:41:58;"https://unionsaludvida.sharepoint.com/sites/INTRANET/Documentos compartidos/DOCUMENTOS_INSTITUCIONALES/DIRECCION_ADMIN_FINAN/COORD_GESTION_HUMANA/ARCHIVOS_COORD_GH/GESTION CALIDAD -GH/Gestion del talento humano/DOCUMENTOS UNION PARA LA SALUD Y LA VIDA/SELECCIÓN/FMT-GTH-011 Documentacion requerida para el ingreso de personal en formacion.xlsx?web=1";"https://unionsaludvida.sharepoint.com/sites/INTRANET/Documentos compartidos/DOCUMENTOS_INSTITUCIONALES/DIRECCION_ADMIN_FINAN/COORD_GESTION_HUMANA/ARCHIVOS_COORD_GH/GESTION CALIDAD -GH/Gestion del talento humano/DOCUMENTOS UNION PARA LA SALUD Y LA VIDA/SELECCIÓN/FMT-GTH-011 Documentacion requerida para el ingreso de personal en formacion.xlsx"
FMT-GTH-012;Entrevista individual gestion del talento humano.docx;.docx;Selección;;2026-08-21T19:41:58;"https://unionsaludvida.sharepoint.com/sites/INTRANET/Documentos compartidos/DOCUMENTOS_INSTITUCIONALES/DIRECCION_ADMIN_FINAN/COORD_GESTION_HUMANA/ARCHIVOS_COORD_GH/GESTION CALIDAD -GH/Gestion del talento humano/DOCUMENTOS UNION PARA LA SALUD Y LA VIDA/SELECCIÓN/FMT-GTH-012 Entrevista individual gestion del talento humano.docx?web=1";"https://unionsaludvida.sharepoint.com/sites/INTRANET/Documentos compartidos/DOCUMENTOS_INSTITUCIONALES/DIRECCION_ADMIN_FINAN/COORD_GESTION_HUMANA/ARCHIVOS_COORD_GH/GESTION CALIDAD -GH/Gestion del talento humano/DOCUMENTOS UNION PARA LA SALUD Y LA VIDA/SELECCIÓN/FMT-GTH-012 Entrevista individual gestion del talento humano.docx"
FMT-GTH-013;Reporte de incidente-accidente de trabajo.docx;.docx;Seguridad y Salud en el Trabajo;;2026-08-28T07:52:33;"https://unionsaludvida.sharepoint.com/sites/INTRANET/Documentos compartidos/DOCUMENTOS_INSTITUCIONALES/DIRECCION_ADMIN_FINAN/COORD_GESTION_HUMANA/ARCHIVOS_COORD_GH/GESTION CALIDAD -GH/Gestion del talento humano/DOCUMENTOS UNION PARA LA SALUD Y LA VIDA/SG-SST/FMT-GTH-013 Reporte de incidente-accidente de trabajo.docx?web=1";"https://unionsaludvida.sharepoint.com/sites/INTRANET/Documentos compartidos/DOCUMENTOS_INSTITUCIONALES/DIRECCION_ADMIN_FINAN/COORD_GESTION_HUMANA/ARCHIVOS_COORD_GH/GESTION CALIDAD -GH/Gestion del talento humano/DOCUMENTOS UNION PARA LA SALUD Y LA VIDA/SG-SST/FMT-GTH-013 Reporte de incidente-accidente de trabajo.docx"
FMT-GTH-014;Reporte de actos y condiciones inseguras.xlsx;.xlsx;Seguridad y Salud en el Trabajo;;2026-08-20T01:15:31;"https://unionsaludvida.sharepoint.com/sites/INTRANET/Documentos compartidos/DOCUMENTOS_INSTITUCIONALES/DIRECCION_ADMIN_FINAN/COORD_GESTION_HUMANA/ARCHIVOS_COORD_GH/GESTION CALIDAD -GH/Gestion del talento humano/DOCUMENTOS UNION PARA LA SALUD Y LA VIDA/SG-SST/FMT-GTH-014 Reporte de actos y condiciones inseguras.xlsx?web=1";"https://unionsaludvida.sharepoint.com/sites/INTRANET/Documentos compartidos/DOCUMENTOS_INSTITUCIONALES/DIRECCION_ADMIN_FINAN/COORD_GESTION_HUMANA/ARCHIVOS_COORD_GH/GESTION CALIDAD -GH/Gestion del talento humano/DOCUMENTOS UNION PARA LA SALUD Y LA VIDA/SG-SST/FMT-GTH-014 Reporte de actos y condiciones inseguras.xlsx"
FMT-GTH-015;Matriz de elementos de proteccion personal.xlsx;.xlsx;Seguridad y Salud en el Trabajo;;2026-08-20T01:15:31;"https://unionsaludvida.sharepoint.com/sites/INTRANET/Documentos compartidos/DOCUMENTOS_INSTITUCIONALES/DIRECCION_ADMIN_FINAN/COORD_GESTION_HUMANA/ARCHIVOS_COORD_GH/GESTION CALIDAD -GH/Gestion del talento humano/DOCUMENTOS UNION PARA LA SALUD Y LA VIDA/SG-SST/FMT-GTH-015 Matriz de elementos de proteccion personal.xlsx?web=1";"https://unionsaludvida.sharepoint.com/sites/INTRANET/Documentos compartidos/DOCUMENTOS_INSTITUCIONALES/DIRECCION_ADMIN_FINAN/COORD_GESTION_HUMANA/ARCHIVOS_COORD_GH/GESTION CALIDAD -GH/Gestion del talento humano/DOCUMENTOS UNION PARA LA SALUD Y LA VIDA/SG-SST/FMT-GTH-015 Matriz de elementos de proteccion personal.xlsx"
FMT-GTH-016;Matriz de identificacion, evaluacion y valoracion del riesgo.xlsx;.xlsx;Seguridad y Salud en el Trabajo;;2026-08-20T01:15:31;"https://unionsaludvida.sharepoint.com/sites/INTRANET/Documentos compartidos/DOCUMENTOS_INSTITUCIONALES/DIRECCION_ADMIN_FINAN/COORD_GESTION_HUMANA/ARCHIVOS_COORD_GH/GESTION CALIDAD -GH/Gestion del talento humano/DOCUMENTOS UNION PARA LA SALUD Y LA VIDA/SG-SST/FMT-GTH-016 Matriz de identificacion, evaluacion y valoracion del riesgo.xlsx?web=1";"https://unionsaludvida.sharepoint.com/sites/INTRANET/Documentos compartidos/DOCUMENTOS_INSTITUCIONALES/DIRECCION_ADMIN_FINAN/COORD_GESTION_HUMANA/ARCHIVOS_COORD_GH/GESTION CALIDAD -GH/Gestion del talento humano/DOCUMENTOS UNION PARA LA SALUD Y LA VIDA/SG-SST/FMT-GTH-016 Matriz de identificacion, evaluacion y valoracion del riesgo.xlsx"
FMT-GTH-017;Declaracion de dependencia economica.docx;.docx;Contratacion;;2026-08-21T19:41:58;"https://unionsaludvida.sharepoint.com/sites/INTRANET/Documentos compartidos/DOCUMENTOS_INSTITUCIONALES/DIRECCION_ADMIN_FINAN/COORD_GESTION_HUMANA/ARCHIVOS_COORD_GH/GESTION CALIDAD -GH/Gestion del talento humano/DOCUMENTOS UNION PARA LA SALUD Y LA VIDA/CONTRATACION/FORMATOS CONTRATACIÓN/FMT-GTH-017 Declaracion de dependencia economica.docx?web=1";"https://unionsaludvida.sharepoint.com/sites/INTRANET/Documentos compartidos/DOCUMENTOS_INSTITUCIONALES/DIRECCION_ADMIN_FINAN/COORD_GESTION_HUMANA/ARCHIVOS_COORD_GH/GESTION CALIDAD -GH/Gestion del talento humano/DOCUMENTOS UNION PARA LA SALUD Y LA VIDA/CONTRATACION/FORMATOS CONTRATACIÓN/FMT-GTH-017 Declaracion de dependencia economica.docx"
FMT-GTH-018;Autorizacion de consignacion en cuenta bancaria.docx;.docx;Contratacion;;2026-08-21T19:41:58;"https://unionsaludvida.sharepoint.com/sites/INTRANET/Documentos compartidos/DOCUMENTOS_INSTITUCIONALES/DIRECCION_ADMIN_FINAN/COORD_GESTION_HUMANA/ARCHIVOS_COORD_GH/GESTION CALIDAD -GH/Gestion del talento humano/DOCUMENTOS UNION PARA LA SALUD Y LA VIDA/CONTRATACION/FORMATOS CONTRATACIÓN/FMT-GTH-018 Autorizacion de consignacion en cuenta bancaria.docx?web=1";"https://unionsaludvida.sharepoint.com/sites/INTRANET/Documentos compartidos/DOCUMENTOS_INSTITUCIONALES/DIRECCION_ADMIN_FINAN/COORD_GESTION_HUMANA/ARCHIVOS_COORD_GH/GESTION CALIDAD -GH/Gestion del talento humano/DOCUMENTOS UNION PARA LA SALUD Y LA VIDA/CONTRATACION/FORMATOS CONTRATACIÓN/FMT-GTH-018 Autorizacion de consignacion en cuenta bancaria.docx"
FMT-GTH-019;Certificado de afiliacion a EAPB, Pension y Cesantias.docx;.docx;Contratacion;;2026-08-21T19:41:58;"https://unionsaludvida.sharepoint.com/sites/INTRANET/Documentos compartidos/DOCUMENTOS_INSTITUCIONALES/DIRECCION_ADMIN_FINAN/COORD_GESTION_HUMANA/ARCHIVOS_COORD_GH/GESTION CALIDAD -GH/Gestion del talento humano/DOCUMENTOS UNION PARA LA SALUD Y LA VIDA/CONTRATACION/FORMATOS CONTRATACIÓN/FMT-GTH-019 Certificado de afiliacion a EAPB, Pension y Cesantias.docx?web=1";"https://unionsaludvida.sharepoint.com/sites/INTRANET/Documentos compartidos/DOCUMENTOS_INSTITUCIONALES/DIRECCION_ADMIN_FINAN/COORD_GESTION_HUMANA/ARCHIVOS_COORD_GH/GESTION CALIDAD -GH/Gestion del talento humano/DOCUMENTOS UNION PARA LA SALUD Y LA VIDA/CONTRATACION/FORMATOS CONTRATACIÓN/FMT-GTH-019 Certificado de afiliacion a EAPB, Pension y Cesantias.docx"
FMT-GTH-020;Autorizacion de consignacion de cesantias por fondo.docx;.docx;Contratacion;;2026-08-21T19:41:58;"https://unionsaludvida.sharepoint.com/sites/INTRANET/Documentos compartidos/DOCUMENTOS_INSTITUCIONALES/DIRECCION_ADMIN_FINAN/COORD_GESTION_HUMANA/ARCHIVOS_COORD_GH/GESTION CALIDAD -GH/Gestion del talento humano/DOCUMENTOS UNION PARA LA SALUD Y LA VIDA/CONTRATACION/FORMATOS CONTRATACIÓN/FMT-GTH-020 Autorizacion de consignacion de cesantias por fondo.docx?web=1";"https://unionsaludvida.sharepoint.com/sites/INTRANET/Documentos compartidos/DOCUMENTOS_INSTITUCIONALES/DIRECCION_ADMIN_FINAN/COORD_GESTION_HUMANA/ARCHIVOS_COORD_GH/GESTION CALIDAD -GH/Gestion del talento humano/DOCUMENTOS UNION PARA LA SALUD Y LA VIDA/CONTRATACION/FORMATOS CONTRATACIÓN/FMT-GTH-020 Autorizacion de consignacion de cesantias por fondo.docx"
FMT-GTH-021;Registro de tallas de uniforme.docx;.docx;Contratacion;;2026-08-21T19:41:58;"https://unionsaludvida.sharepoint.com/sites/INTRANET/Documentos compartidos/DOCUMENTOS_INSTITUCIONALES/DIRECCION_ADMIN_FINAN/COORD_GESTION_HUMANA/ARCHIVOS_COORD_GH/GESTION CALIDAD -GH/Gestion del talento humano/DOCUMENTOS UNION PARA LA SALUD Y LA VIDA/CONTRATACION/FORMATOS CONTRATACIÓN/FMT-GTH-021 Registro de tallas de uniforme.docx?web=1";"https://unionsaludvida.sharepoint.com/sites/INTRANET/Documentos compartidos/DOCUMENTOS_INSTITUCIONALES/DIRECCION_ADMIN_FINAN/COORD_GESTION_HUMANA/ARCHIVOS_COORD_GH/GESTION CALIDAD -GH/Gestion del talento humano/DOCUMENTOS UNION PARA LA SALUD Y LA VIDA/CONTRATACION/FORMATOS CONTRATACIÓN/FMT-GTH-021 Registro de tallas de uniforme.docx"
FMT-GTH-022;Autorizacion de Descuento de Nomina.docx;.docx;Contratacion;;2026-08-21T19:41:58;"https://unionsaludvida.sharepoint.com/sites/INTRANET/Documentos compartidos/DOCUMENTOS_INSTITUCIONALES/DIRECCION_ADMIN_FINAN/COORD_GESTION_HUMANA/ARCHIVOS_COORD_GH/GESTION CALIDAD -GH/Gestion del talento humano/DOCUMENTOS UNION PARA LA SALUD Y LA VIDA/CONTRATACION/FORMATOS CONTRATACIÓN/FMT-GTH-022 Autorizacion de Descuento de Nomina.docx?web=1";"https://unionsaludvida.sharepoint.com/sites/INTRANET/Documentos compartidos/DOCUMENTOS_INSTITUCIONALES/DIRECCION_ADMIN_FINAN/COORD_GESTION_HUMANA/ARCHIVOS_COORD_GH/GESTION CALIDAD -GH/Gestion del talento humano/DOCUMENTOS UNION PARA LA SALUD Y LA VIDA/CONTRATACION/FORMATOS CONTRATACIÓN/FMT-GTH-022 Autorizacion de Descuento de Nomina.docx"
FMT-GTH-023;Matriz de ingreso de personal a nomina.xlsx;.xlsx;Nomina;;2026-08-21T19:41:58;"https://unionsaludvida.sharepoint.com/sites/INTRANET/Documentos compartidos/DOCUMENTOS_INSTITUCIONALES/DIRECCION_ADMIN_FINAN/COORD_GESTION_HUMANA/ARCHIVOS_COORD_GH/GESTION CALIDAD -GH/Gestion del talento humano/DOCUMENTOS UNION PARA LA SALUD Y LA VIDA/NOMINA/FMT-GTH-023 Matriz de ingreso de personal a nomina.xlsx?web=1";"https://unionsaludvida.sharepoint.com/sites/INTRANET/Documentos compartidos/DOCUMENTOS_INSTITUCIONALES/DIRECCION_ADMIN_FINAN/COORD_GESTION_HUMANA/ARCHIVOS_COORD_GH/GESTION CALIDAD -GH/Gestion del talento humano/DOCUMENTOS UNION PARA LA SALUD Y LA VIDA/NOMINA/FMT-GTH-023 Matriz de ingreso de personal a nomina.xlsx"
FMT-GTH-024;Paz y salvo.xlsx;.xlsx;Nomina;;2026-08-30T19:18:09;"https://unionsaludvida.sharepoint.com/sites/INTRANET/Documentos compartidos/DOCUMENTOS_INSTITUCIONALES/DIRECCION_ADMIN_FINAN/COORD_GESTION_HUMANA/ARCHIVOS_COORD_GH/GESTION CALIDAD -GH/Gestion del talento humano/DOCUMENTOS UNION PARA LA SALUD Y LA VIDA/NOMINA/FMT-GTH-024 Paz y salvo.xlsx?web=1";"https://unionsaludvida.sharepoint.com/sites/INTRANET/Documentos compartidos/DOCUMENTOS_INSTITUCIONALES/DIRECCION_ADMIN_FINAN/COORD_GESTION_HUMANA/ARCHIVOS_COORD_GH/GESTION CALIDAD -GH/Gestion del talento humano/DOCUMENTOS UNION PARA LA SALUD Y LA VIDA/NOMINA/FMT-GTH-024 Paz y salvo.xlsx"
FMT-GTH-025;Reporte del estado de horas laboradas al egreso.docx;.docx;Nomina;;2026-08-29T08:40:38;"https://unionsaludvida.sharepoint.com/sites/INTRANET/Documentos compartidos/DOCUMENTOS_INSTITUCIONALES/DIRECCION_ADMIN_FINAN/COORD_GESTION_HUMANA/ARCHIVOS_COORD_GH/GESTION CALIDAD -GH/Gestion del talento humano/DOCUMENTOS UNION PARA LA SALUD Y LA VIDA/NOMINA/FMT-GTH-025 Reporte del estado de horas laboradas al egreso.docx?web=1";"https://unionsaludvida.sharepoint.com/sites/INTRANET/Documentos compartidos/DOCUMENTOS_INSTITUCIONALES/DIRECCION_ADMIN_FINAN/COORD_GESTION_HUMANA/ARCHIVOS_COORD_GH/GESTION CALIDAD -GH/Gestion del talento humano/DOCUMENTOS UNION PARA LA SALUD Y LA VIDA/NOMINA/FMT-GTH-025 Reporte del estado de horas laboradas al egreso.docx"
FMT-GTH-026;Encuesta de retiro de personal.docx;.docx;Contratacion;;2026-08-21T19:41:58;"https://unionsaludvida.sharepoint.com/sites/INTRANET/Documentos compartidos/DOCUMENTOS_INSTITUCIONALES/DIRECCION_ADMIN_FINAN/COORD_GESTION_HUMANA/ARCHIVOS_COORD_GH/GESTION CALIDAD -GH/Gestion del talento humano/DOCUMENTOS UNION PARA LA SALUD Y LA VIDA/CONTRATACION/FORMATOS CONTRATACIÓN/FMT-GTH-026 Encuesta de retiro de personal.docx?web=1";"https://unionsaludvida.sharepoint.com/sites/INTRANET/Documentos compartidos/DOCUMENTOS_INSTITUCIONALES/DIRECCION_ADMIN_FINAN/COORD_GESTION_HUMANA/ARCHIVOS_COORD_GH/GESTION CALIDAD -GH/Gestion del talento humano/DOCUMENTOS UNION PARA LA SALUD Y LA VIDA/CONTRATACION/FORMATOS CONTRATACIÓN/FMT-GTH-026 Encuesta de retiro de personal.docx"
FMT-GTH-027;Identificación de necesidades de formación.docx;.docx;Formacion;;2026-08-21T19:41:58;"https://unionsaludvida.sharepoint.com/sites/INTRANET/Documentos compartidos/DOCUMENTOS_INSTITUCIONALES/DIRECCION_ADMIN_FINAN/COORD_GESTION_HUMANA/ARCHIVOS_COORD_GH/GESTION CALIDAD -GH/Gestion del talento humano/DOCUMENTOS UNION PARA LA SALUD Y LA VIDA/FORMACION/FMT-GTH-027 Identificación de necesidades de formación.docx?web=1";"https://unionsaludvida.sharepoint.com/sites/INTRANET/Documentos compartidos/DOCUMENTOS_INSTITUCIONALES/DIRECCION_ADMIN_FINAN/COORD_GESTION_HUMANA/ARCHIVOS_COORD_GH/GESTION CALIDAD -GH/Gestion del talento humano/DOCUMENTOS UNION PARA LA SALUD Y LA VIDA/FORMACION/FMT-GTH-027 Identificación de necesidades de formación.docx"
FMT-GTH-028;Evaluación del evento formativo.docx;.docx;Formacion;;2026-08-21T19:41:58;"https://unionsaludvida.sharepoint.com/sites/INTRANET/Documentos compartidos/DOCUMENTOS_INSTITUCIONALES/DIRECCION_ADMIN_FINAN/COORD_GESTION_HUMANA/ARCHIVOS_COORD_GH/GESTION CALIDAD -GH/Gestion del talento humano/DOCUMENTOS UNION PARA LA SALUD Y LA VIDA/FORMACION/FMT-GTH-028 Evaluación del evento formativo.docx?web=1";"https://unionsaludvida.sharepoint.com/sites/INTRANET/Documentos compartidos/DOCUMENTOS_INSTITUCIONALES/DIRECCION_ADMIN_FINAN/COORD_GESTION_HUMANA/ARCHIVOS_COORD_GH/GESTION CALIDAD -GH/Gestion del talento humano/DOCUMENTOS UNION PARA LA SALUD Y LA VIDA/FORMACION/FMT-GTH-028 Evaluación del evento formativo.docx"
FMT-GTH-029;Seguimiento a periodo de prueba.docx;.docx;Desempeño;;2026-08-26T15:52:25;"https://unionsaludvida.sharepoint.com/sites/INTRANET/Documentos compartidos/DOCUMENTOS_INSTITUCIONALES/DIRECCION_ADMIN_FINAN/COORD_GESTION_HUMANA/ARCHIVOS_COORD_GH/GESTION CALIDAD -GH/Gestion del talento humano/DOCUMENTOS UNION PARA LA SALUD Y LA VIDA/DESEMPEÑO/FMT-GTH-029 Seguimiento a periodo de prueba.docx?web=1";"https://unionsaludvida.sharepoint.com/sites/INTRANET/Documentos compartidos/DOCUMENTOS_INSTITUCIONALES/DIRECCION_ADMIN_FINAN/COORD_GESTION_HUMANA/ARCHIVOS_COORD_GH/GESTION CALIDAD -GH/Gestion del talento humano/DOCUMENTOS UNION PARA LA SALUD Y LA VIDA/DESEMPEÑO/FMT-GTH-029 Seguimiento a periodo de prueba.docx"
FMT-GTH-030;Seguimiento a exámenes médicos de ingreso.xlsx;.xlsx;Selección;;2026-08-21T19:41:58;"https://unionsaludvida.sharepoint.com/sites/INTRANET/Documentos compartidos/DOCUMENTOS_INSTITUCIONALES/DIRECCION_ADMIN_FINAN/COORD_GESTION_HUMANA/ARCHIVOS_COORD_GH/GESTION CALIDAD -GH/Gestion del talento humano/DOCUMENTOS UNION PARA LA SALUD Y LA VIDA/SELECCIÓN/FMT-GTH-030 Seguimiento a exámenes médicos de ingreso.xlsx?web=1";"https://unionsaludvida.sharepoint.com/sites/INTRANET/Documentos compartidos/DOCUMENTOS_INSTITUCIONALES/DIRECCION_ADMIN_FINAN/COORD_GESTION_HUMANA/ARCHIVOS_COORD_GH/GESTION CALIDAD -GH/Gestion del talento humano/DOCUMENTOS UNION PARA LA SALUD Y LA VIDA/SELECCIÓN/FMT-GTH-030 Seguimiento a exámenes médicos de ingreso.xlsx"
FMT-GTH-031;Reporte de violencia en el lugar de trabajo.xlsx;.xlsx;Seguridad y Salud en el Trabajo;;2026-08-20T01:15:31;"https://unionsaludvida.sharepoint.com/sites/INTRANET/Documentos compartidos/DOCUMENTOS_INSTITUCIONALES/DIRECCION_ADMIN_FINAN/COORD_GESTION_HUMANA/ARCHIVOS_COORD_GH/GESTION CALIDAD -GH/Gestion del talento humano/DOCUMENTOS UNION PARA LA SALUD Y LA VIDA/SG-SST/FMT-GTH-031 Reporte de violencia en el lugar de trabajo.xlsx?web=1";"https://unionsaludvida.sharepoint.com/sites/INTRANET/Documentos compartidos/DOCUMENTOS_INSTITUCIONALES/DIRECCION_ADMIN_FINAN/COORD_GESTION_HUMANA/ARCHIVOS_COORD_GH/GESTION CALIDAD -GH/Gestion del talento humano/DOCUMENTOS UNION PARA LA SALUD Y LA VIDA/SG-SST/FMT-GTH-031 Reporte de violencia en el lugar de trabajo.xlsx"
FMT-GTH-032;Seguimiento al esquema de vacunacion.xlsx;.xlsx;Seguridad y Salud en el Trabajo;;2026-08-20T00:15:09;"https://unionsaludvida.sharepoint.com/sites/INTRANET/Documentos compartidos/DOCUMENTOS_INSTITUCIONALES/DIRECCION_ADMIN_FINAN/COORD_GESTION_HUMANA/ARCHIVOS_COORD_GH/GESTION CALIDAD -GH/Gestion del talento humano/DOCUMENTOS UNION PARA LA SALUD Y LA VIDA/SG-SST/FMT-GTH-032 Seguimiento al esquema de vacunacion.xlsx?web=1";"https://unionsaludvida.sharepoint.com/sites/INTRANET/Documentos compartidos/DOCUMENTOS_INSTITUCIONALES/DIRECCION_ADMIN_FINAN/COORD_GESTION_HUMANA/ARCHIVOS_COORD_GH/GESTION CALIDAD -GH/Gestion del talento humano/DOCUMENTOS UNION PARA LA SALUD Y LA VIDA/SG-SST/FMT-GTH-032 Seguimiento al esquema de vacunacion.xlsx"
FMT-GTH-033;Matriz de seguimiento acciones prenventivas y correctivas..xlsx;.xlsx;Seguridad y Salud en el Trabajo;;2026-08-20T00:15:09;"https://unionsaludvida.sharepoint.com/sites/INTRANET/Documentos compartidos/DOCUMENTOS_INSTITUCIONALES/DIRECCION_ADMIN_FINAN/COORD_GESTION_HUMANA/ARCHIVOS_COORD_GH/GESTION CALIDAD -GH/Gestion del talento humano/DOCUMENTOS UNION PARA LA SALUD Y LA VIDA/SG-SST/FMT-GTH-033 Matriz de seguimiento acciones prenventivas y correctivas..xlsx?web=1";"https://unionsaludvida.sharepoint.com/sites/INTRANET/Documentos compartidos/DOCUMENTOS_INSTITUCIONALES/DIRECCION_ADMIN_FINAN/COORD_GESTION_HUMANA/ARCHIVOS_COORD_GH/GESTION CALIDAD -GH/Gestion del talento humano/DOCUMENTOS UNION PARA LA SALUD Y LA VIDA/SG-SST/FMT-GTH-033 Matriz de seguimiento acciones prenventivas y correctivas..xlsx"
FMT-GTH-034;Caracterizacion de accidentes de trabajo.xlsx;.xlsx;Seguridad y Salud en el Trabajo;;2026-08-20T01:15:31;"https://unionsaludvida.sharepoint.com/sites/INTRANET/Documentos compartidos/DOCUMENTOS_INSTITUCIONALES/DIRECCION_ADMIN_FINAN/COORD_GESTION_HUMANA/ARCHIVOS_COORD_GH/GESTION CALIDAD -GH/Gestion del talento humano/DOCUMENTOS UNION PARA LA SALUD Y LA VIDA/SG-SST/FMT-GTH-034 Caracterizacion de accidentes de trabajo.xlsx?web=1";"https://unionsaludvida.sharepoint.com/sites/INTRANET/Documentos compartidos/DOCUMENTOS_INSTITUCIONALES/DIRECCION_ADMIN_FINAN/COORD_GESTION_HUMANA/ARCHIVOS_COORD_GH/GESTION CALIDAD -GH/Gestion del talento humano/DOCUMENTOS UNION PARA LA SALUD Y LA VIDA/SG-SST/FMT-GTH-034 Caracterizacion de accidentes de trabajo.xlsx"
FMT-GTH-035;Plan de induccion y entrenamiento personal administrativo.xlsx;.xlsx;Induccion;;2026-08-21T19:41:58;"https://unionsaludvida.sharepoint.com/sites/INTRANET/Documentos compartidos/DOCUMENTOS_INSTITUCIONALES/DIRECCION_ADMIN_FINAN/COORD_GESTION_HUMANA/ARCHIVOS_COORD_GH/GESTION CALIDAD -GH/Gestion del talento humano/DOCUMENTOS UNION PARA LA SALUD Y LA VIDA/INDUCCION/FMT-GTH-035 Plan de induccion y entrenamiento personal administrativo.xlsx?web=1";"https://unionsaludvida.sharepoint.com/sites/INTRANET/Documentos compartidos/DOCUMENTOS_INSTITUCIONALES/DIRECCION_ADMIN_FINAN/COORD_GESTION_HUMANA/ARCHIVOS_COORD_GH/GESTION CALIDAD -GH/Gestion del talento humano/DOCUMENTOS UNION PARA LA SALUD Y LA VIDA/INDUCCION/FMT-GTH-035 Plan de induccion y entrenamiento personal administrativo.xlsx"
FMT-GTH-036;Plan de induccion y entrenamiento lider medico.xlsx;.xlsx;Induccion;;2026-08-21T19:41:58;"https://unionsaludvida.sharepoint.com/sites/INTRANET/Documentos compartidos/DOCUMENTOS_INSTITUCIONALES/DIRECCION_ADMIN_FINAN/COORD_GESTION_HUMANA/ARCHIVOS_COORD_GH/GESTION CALIDAD -GH/Gestion del talento humano/DOCUMENTOS UNION PARA LA SALUD Y LA VIDA/INDUCCION/FMT-GTH-036 Plan de induccion y entrenamiento lider medico.xlsx?web=1";"https://unionsaludvida.sharepoint.com/sites/INTRANET/Documentos compartidos/DOCUMENTOS_INSTITUCIONALES/DIRECCION_ADMIN_FINAN/COORD_GESTION_HUMANA/ARCHIVOS_COORD_GH/GESTION CALIDAD -GH/Gestion del talento humano/DOCUMENTOS UNION PARA LA SALUD Y LA VIDA/INDUCCION/FMT-GTH-036 Plan de induccion y entrenamiento lider medico.xlsx"
FMT-GTH-037;Plan de inducción y entrenamiento médicos generales.xlsx;.xlsx;Induccion;;2026-08-21T19:41:58;"https://unionsaludvida.sharepoint.com/sites/INTRANET/Documentos compartidos/DOCUMENTOS_INSTITUCIONALES/DIRECCION_ADMIN_FINAN/COORD_GESTION_HUMANA/ARCHIVOS_COORD_GH/GESTION CALIDAD -GH/Gestion del talento humano/DOCUMENTOS UNION PARA LA SALUD Y LA VIDA/INDUCCION/FMT-GTH-037 Plan de inducción y entrenamiento médicos generales.xlsx?web=1";"https://unionsaludvida.sharepoint.com/sites/INTRANET/Documentos compartidos/DOCUMENTOS_INSTITUCIONALES/DIRECCION_ADMIN_FINAN/COORD_GESTION_HUMANA/ARCHIVOS_COORD_GH/GESTION CALIDAD -GH/Gestion del talento humano/DOCUMENTOS UNION PARA LA SALUD Y LA VIDA/INDUCCION/FMT-GTH-037 Plan de inducción y entrenamiento médicos generales.xlsx"
FMT-GTH-038;Reporte de Exposición ocupacional.docx;.docx;Seguridad y Salud en el Trabajo;;2026-08-20T01:15:31;"https://unionsaludvida.sharepoint.com/sites/INTRANET/Documentos compartidos/DOCUMENTOS_INSTITUCIONALES/DIRECCION_ADMIN_FINAN/COORD_GESTION_HUMANA/ARCHIVOS_COORD_GH/GESTION CALIDAD -GH/Gestion del talento humano/DOCUMENTOS UNION PARA LA SALUD Y LA VIDA/SG-SST/FMT-GTH-038 Reporte de Exposición ocupacional.docx?web=1";"https://unionsaludvida.sharepoint.com/sites/INTRANET/Documentos compartidos/DOCUMENTOS_INSTITUCIONALES/DIRECCION_ADMIN_FINAN/COORD_GESTION_HUMANA/ARCHIVOS_COORD_GH/GESTION CALIDAD -GH/Gestion del talento humano/DOCUMENTOS UNION PARA LA SALUD Y LA VIDA/SG-SST/FMT-GTH-038 Reporte de Exposición ocupacional.docx"
FMT-GTH-039;Acta de cierre de caso-docx.docx;.docx;Seguridad y Salud en el Trabajo;;2026-08-28T09:41:22;"https://unionsaludvida.sharepoint.com/sites/INTRANET/Documentos compartidos/DOCUMENTOS_INSTITUCIONALES/DIRECCION_ADMIN_FINAN/COORD_GESTION_HUMANA/ARCHIVOS_COORD_GH/GESTION CALIDAD -GH/Gestion del talento humano/DOCUMENTOS UNION PARA LA SALUD Y LA VIDA/SG-SST/RIESGO OSTEOMUSCULAR/FMT-GTH-039 Acta de cierre de caso-docx.docx?web=1";"https://unionsaludvida.sharepoint.com/sites/INTRANET/Documentos compartidos/DOCUMENTOS_INSTITUCIONALES/DIRECCION_ADMIN_FINAN/COORD_GESTION_HUMANA/ARCHIVOS_COORD_GH/GESTION CALIDAD -GH/Gestion del talento humano/DOCUMENTOS UNION PARA LA SALUD Y LA VIDA/SG-SST/RIESGO OSTEOMUSCULAR/FMT-GTH-039 Acta de cierre de caso-docx.docx"
FMT-GTH-040;Seguimiento a la implementacion de recomendaciones laborales.docx;.docx;Seguridad y Salud en el Trabajo;;2026-08-28T09:41:14;"https://unionsaludvida.sharepoint.com/sites/INTRANET/Documentos compartidos/DOCUMENTOS_INSTITUCIONALES/DIRECCION_ADMIN_FINAN/COORD_GESTION_HUMANA/ARCHIVOS_COORD_GH/GESTION CALIDAD -GH/Gestion del talento humano/DOCUMENTOS UNION PARA LA SALUD Y LA VIDA/SG-SST/RIESGO OSTEOMUSCULAR/FMT-GTH-040 Seguimiento a la implementacion de recomendaciones laborales.docx?web=1";"https://unionsaludvida.sharepoint.com/sites/INTRANET/Documentos compartidos/DOCUMENTOS_INSTITUCIONALES/DIRECCION_ADMIN_FINAN/COORD_GESTION_HUMANA/ARCHIVOS_COORD_GH/GESTION CALIDAD -GH/Gestion del talento humano/DOCUMENTOS UNION PARA LA SALUD Y LA VIDA/SG-SST/RIESGO OSTEOMUSCULAR/FMT-GTH-040 Seguimiento a la implementacion de recomendaciones laborales.docx"
FMT-GTH-041;Acta de implementacion de recomendaciones laborales (5).docx;.docx;Seguridad y Salud en el Trabajo;;2026-08-28T09:42:20;"https://unionsaludvida.sharepoint.com/sites/INTRANET/Documentos compartidos/DOCUMENTOS_INSTITUCIONALES/DIRECCION_ADMIN_FINAN/COORD_GESTION_HUMANA/ARCHIVOS_COORD_GH/GESTION CALIDAD -GH/Gestion del talento humano/DOCUMENTOS UNION PARA LA SALUD Y LA VIDA/SG-SST/RIESGO OSTEOMUSCULAR/FMT-GTH-041 Acta de implementacion de recomendaciones laborales (5).docx?web=1";"https://unionsaludvida.sharepoint.com/sites/INTRANET/Documentos compartidos/DOCUMENTOS_INSTITUCIONALES/DIRECCION_ADMIN_FINAN/COORD_GESTION_HUMANA/ARCHIVOS_COORD_GH/GESTION CALIDAD -GH/Gestion del talento humano/DOCUMENTOS UNION PARA LA SALUD Y LA VIDA/SG-SST/RIESGO OSTEOMUSCULAR/FMT-GTH-041 Acta de implementacion de recomendaciones laborales (5).docx"
FMT-GTH-042;Reporte de estado de gestacion.docx;.docx;Seguridad y Salud en el Trabajo;;2026-09-01T10:14:57;"https://unionsaludvida.sharepoint.com/sites/INTRANET/Documentos compartidos/DOCUMENTOS_INSTITUCIONALES/DIRECCION_ADMIN_FINAN/COORD_GESTION_HUMANA/ARCHIVOS_COORD_GH/GESTION CALIDAD -GH/Gestion del talento humano/DOCUMENTOS UNION PARA LA SALUD Y LA VIDA/SG-SST/FMT-GTH-042 Reporte de estado de gestacion.docx?web=1";"https://unionsaludvida.sharepoint.com/sites/INTRANET/Documentos compartidos/DOCUMENTOS_INSTITUCIONALES/DIRECCION_ADMIN_FINAN/COORD_GESTION_HUMANA/ARCHIVOS_COORD_GH/GESTION CALIDAD -GH/Gestion del talento humano/DOCUMENTOS UNION PARA LA SALUD Y LA VIDA/SG-SST/FMT-GTH-042 Reporte de estado de gestacion.docx"
FMT-GTH-043;Investigacion de incidentes y accidentes de trabajo.xlsx;.xlsx;Seguridad y Salud en el Trabajo;;2026-08-20T01:15:31;"https://unionsaludvida.sharepoint.com/sites/INTRANET/Documentos compartidos/DOCUMENTOS_INSTITUCIONALES/DIRECCION_ADMIN_FINAN/COORD_GESTION_HUMANA/ARCHIVOS_COORD_GH/GESTION CALIDAD -GH/Gestion del talento humano/DOCUMENTOS UNION PARA LA SALUD Y LA VIDA/SG-SST/FMT-GTH-043 Investigacion de incidentes y accidentes de trabajo.xlsx?web=1";"https://unionsaludvida.sharepoint.com/sites/INTRANET/Documentos compartidos/DOCUMENTOS_INSTITUCIONALES/DIRECCION_ADMIN_FINAN/COORD_GESTION_HUMANA/ARCHIVOS_COORD_GH/GESTION CALIDAD -GH/Gestion del talento humano/DOCUMENTOS UNION PARA LA SALUD Y LA VIDA/SG-SST/FMT-GTH-043 Investigacion de incidentes y accidentes de trabajo.xlsx"
FMT-GTH-044;Encuesta para colaboradores con exposición a tuberculosis.docx;.docx;Seguridad y Salud en el Trabajo;;2026-08-20T00:15:09;"https://unionsaludvida.sharepoint.com/sites/INTRANET/Documentos compartidos/DOCUMENTOS_INSTITUCIONALES/DIRECCION_ADMIN_FINAN/COORD_GESTION_HUMANA/ARCHIVOS_COORD_GH/GESTION CALIDAD -GH/Gestion del talento humano/DOCUMENTOS UNION PARA LA SALUD Y LA VIDA/SG-SST/FMT-GTH-044 Encuesta para colaboradores con exposición a tuberculosis.docx?web=1";"https://unionsaludvida.sharepoint.com/sites/INTRANET/Documentos compartidos/DOCUMENTOS_INSTITUCIONALES/DIRECCION_ADMIN_FINAN/COORD_GESTION_HUMANA/ARCHIVOS_COORD_GH/GESTION CALIDAD -GH/Gestion del talento humano/DOCUMENTOS UNION PARA LA SALUD Y LA VIDA/SG-SST/FMT-GTH-044 Encuesta para colaboradores con exposición a tuberculosis.docx"
FMT-GTH-045;Autorización uso del plan de bienestar.docx;.docx;Bienestar;;2026-08-24T10:44:16;"https://unionsaludvida.sharepoint.com/sites/INTRANET/Documentos compartidos/DOCUMENTOS_INSTITUCIONALES/DIRECCION_ADMIN_FINAN/COORD_GESTION_HUMANA/ARCHIVOS_COORD_GH/GESTION CALIDAD -GH/Gestion del talento humano/DOCUMENTOS UNION PARA LA SALUD Y LA VIDA/BIENESTAR/FMT-GTH-045 Autorización uso del plan de bienestar.docx?web=1";"https://unionsaludvida.sharepoint.com/sites/INTRANET/Documentos compartidos/DOCUMENTOS_INSTITUCIONALES/DIRECCION_ADMIN_FINAN/COORD_GESTION_HUMANA/ARCHIVOS_COORD_GH/GESTION CALIDAD -GH/Gestion del talento humano/DOCUMENTOS UNION PARA LA SALUD Y LA VIDA/BIENESTAR/FMT-GTH-045 Autorización uso del plan de bienestar.docx"
FMT-GTH-046;Plan de auditoria del Sistema de seguridad y salud en el trabajo.xlsx;.xlsx;Seguridad y Salud en el Trabajo;;2026-08-20T01:15:31;"https://unionsaludvida.sharepoint.com/sites/INTRANET/Documentos compartidos/DOCUMENTOS_INSTITUCIONALES/DIRECCION_ADMIN_FINAN/COORD_GESTION_HUMANA/ARCHIVOS_COORD_GH/GESTION CALIDAD -GH/Gestion del talento humano/DOCUMENTOS UNION PARA LA SALUD Y LA VIDA/SG-SST/FMT-GTH-046 Plan de auditoria del Sistema de seguridad y salud en el trabajo.xlsx?web=1";"https://unionsaludvida.sharepoint.com/sites/INTRANET/Documentos compartidos/DOCUMENTOS_INSTITUCIONALES/DIRECCION_ADMIN_FINAN/COORD_GESTION_HUMANA/ARCHIVOS_COORD_GH/GESTION CALIDAD -GH/Gestion del talento humano/DOCUMENTOS UNION PARA LA SALUD Y LA VIDA/SG-SST/FMT-GTH-046 Plan de auditoria del Sistema de seguridad y salud en el trabajo.xlsx"
FMT-GTH-047;Informe de auditoria del sistema de seguridad y salud en el trabajo.docx;.docx;Seguridad y Salud en el Trabajo;;2026-08-20T01:15:31;"https://unionsaludvida.sharepoint.com/sites/INTRANET/Documentos compartidos/DOCUMENTOS_INSTITUCIONALES/DIRECCION_ADMIN_FINAN/COORD_GESTION_HUMANA/ARCHIVOS_COORD_GH/GESTION CALIDAD -GH/Gestion del talento humano/DOCUMENTOS UNION PARA LA SALUD Y LA VIDA/SG-SST/FMT-GTH-047 Informe de auditoria del sistema de seguridad y salud en el trabajo.docx?web=1";"https://unionsaludvida.sharepoint.com/sites/INTRANET/Documentos compartidos/DOCUMENTOS_INSTITUCIONALES/DIRECCION_ADMIN_FINAN/COORD_GESTION_HUMANA/ARCHIVOS_COORD_GH/GESTION CALIDAD -GH/Gestion del talento humano/DOCUMENTOS UNION PARA LA SALUD Y LA VIDA/SG-SST/FMT-GTH-047 Informe de auditoria del sistema de seguridad y salud en el trabajo.docx"
FMT-GTH-048;Evaluacion inicial del sistema de seguridad y salud en el trabajo.xlsx;.xlsx;Seguridad y Salud en el Trabajo;;2026-08-20T01:15:31;"https://unionsaludvida.sharepoint.com/sites/INTRANET/Documentos compartidos/DOCUMENTOS_INSTITUCIONALES/DIRECCION_ADMIN_FINAN/COORD_GESTION_HUMANA/ARCHIVOS_COORD_GH/GESTION CALIDAD -GH/Gestion del talento humano/DOCUMENTOS UNION PARA LA SALUD Y LA VIDA/SG-SST/FMT-GTH-048 Evaluacion inicial del sistema de seguridad y salud en el trabajo.xlsx?web=1";"https://unionsaludvida.sharepoint.com/sites/INTRANET/Documentos compartidos/DOCUMENTOS_INSTITUCIONALES/DIRECCION_ADMIN_FINAN/COORD_GESTION_HUMANA/ARCHIVOS_COORD_GH/GESTION CALIDAD -GH/Gestion del talento humano/DOCUMENTOS UNION PARA LA SALUD Y LA VIDA/SG-SST/FMT-GTH-048 Evaluacion inicial del sistema de seguridad y salud en el trabajo.xlsx"
FMT-GTH-049;Autorización de manejo de Datos.docx;.docx;Gestion Documental;;2026-08-24T18:05:26;"https://unionsaludvida.sharepoint.com/sites/INTRANET/Documentos compartidos/DOCUMENTOS_INSTITUCIONALES/DIRECCION_ADMIN_FINAN/COORD_GESTION_HUMANA/ARCHIVOS_COORD_GH/GESTION CALIDAD -GH/Gestion del talento humano/DOCUMENTOS UNION PARA LA SALUD Y LA VIDA/GESTION DOCUMENTAL/FMT-GTH-049 Autorización de manejo de Datos.docx?web=1";"https://unionsaludvida.sharepoint.com/sites/INTRANET/Documentos compartidos/DOCUMENTOS_INSTITUCIONALES/DIRECCION_ADMIN_FINAN/COORD_GESTION_HUMANA/ARCHIVOS_COORD_GH/GESTION CALIDAD -GH/Gestion del talento humano/DOCUMENTOS UNION PARA LA SALUD Y LA VIDA/GESTION DOCUMENTAL/FMT-GTH-049 Autorización de manejo de Datos.docx"
FMT-GTH-050;Registro de entrega de elementos de proteccion personal.xlsx;.xlsx;Seguridad y Salud en el Trabajo;;2026-08-20T01:15:31;"https://unionsaludvida.sharepoint.com/sites/INTRANET/Documentos compartidos/DOCUMENTOS_INSTITUCIONALES/DIRECCION_ADMIN_FINAN/COORD_GESTION_HUMANA/ARCHIVOS_COORD_GH/GESTION CALIDAD -GH/Gestion del talento humano/DOCUMENTOS UNION PARA LA SALUD Y LA VIDA/SG-SST/FMT-GTH-050 Registro de entrega de elementos de proteccion personal.xlsx?web=1";"https://unionsaludvida.sharepoint.com/sites/INTRANET/Documentos compartidos/DOCUMENTOS_INSTITUCIONALES/DIRECCION_ADMIN_FINAN/COORD_GESTION_HUMANA/ARCHIVOS_COORD_GH/GESTION CALIDAD -GH/Gestion del talento humano/DOCUMENTOS UNION PARA LA SALUD Y LA VIDA/SG-SST/FMT-GTH-050 Registro de entrega de elementos de proteccion personal.xlsx"
FMT-GTH-051;Plan de induccion y entrenamiento enfermeria.xlsx;.xlsx;Induccion;;2026-08-21T19:41:58;"https://unionsaludvida.sharepoint.com/sites/INTRANET/Documentos compartidos/DOCUMENTOS_INSTITUCIONALES/DIRECCION_ADMIN_FINAN/COORD_GESTION_HUMANA/ARCHIVOS_COORD_GH/GESTION CALIDAD -GH/Gestion del talento humano/DOCUMENTOS UNION PARA LA SALUD Y LA VIDA/INDUCCION/FMT-GTH-051 Plan de induccion y entrenamiento enfermeria.xlsx?web=1";"https://unionsaludvida.sharepoint.com/sites/INTRANET/Documentos compartidos/DOCUMENTOS_INSTITUCIONALES/DIRECCION_ADMIN_FINAN/COORD_GESTION_HUMANA/ARCHIVOS_COORD_GH/GESTION CALIDAD -GH/Gestion del talento humano/DOCUMENTOS UNION PARA LA SALUD Y LA VIDA/INDUCCION/FMT-GTH-051 Plan de induccion y entrenamiento enfermeria.xlsx"
FMT-GTH-053;Categorias linea de transparencia.xlsx;.xlsx;Gestion Humana;;2026-08-20T00:15:09;"https://unionsaludvida.sharepoint.com/sites/INTRANET/Documentos compartidos/DOCUMENTOS_INSTITUCIONALES/DIRECCION_ADMIN_FINAN/COORD_GESTION_HUMANA/ARCHIVOS_COORD_GH/GESTION CALIDAD -GH/Gestion del talento humano/DOCUMENTOS UNION PARA LA SALUD Y LA VIDA/GESTION HUMANA/FMT-GTH-053 Categorias linea de transparencia.xlsx?web=1";"https://unionsaludvida.sharepoint.com/sites/INTRANET/Documentos compartidos/DOCUMENTOS_INSTITUCIONALES/DIRECCION_ADMIN_FINAN/COORD_GESTION_HUMANA/ARCHIVOS_COORD_GH/GESTION CALIDAD -GH/Gestion del talento humano/DOCUMENTOS UNION PARA LA SALUD Y LA VIDA/GESTION HUMANA/FMT-GTH-053 Categorias linea de transparencia.xlsx"
FMT-GTH-054;Formato de evaluacion o inspeccion de condiciones de seguridad.docx;.docx;Seguridad y Salud en el Trabajo;;2026-08-20T00:15:09;"https://unionsaludvida.sharepoint.com/sites/INTRANET/Documentos compartidos/DOCUMENTOS_INSTITUCIONALES/DIRECCION_ADMIN_FINAN/COORD_GESTION_HUMANA/ARCHIVOS_COORD_GH/GESTION CALIDAD -GH/Gestion del talento humano/DOCUMENTOS UNION PARA LA SALUD Y LA VIDA/SG-SST/FMT-GTH-054 Formato de evaluacion o inspeccion de condiciones de seguridad.docx?web=1";"https://unionsaludvida.sharepoint.com/sites/INTRANET/Documentos compartidos/DOCUMENTOS_INSTITUCIONALES/DIRECCION_ADMIN_FINAN/COORD_GESTION_HUMANA/ARCHIVOS_COORD_GH/GESTION CALIDAD -GH/Gestion del talento humano/DOCUMENTOS UNION PARA LA SALUD Y LA VIDA/SG-SST/FMT-GTH-054 Formato de evaluacion o inspeccion de condiciones de seguridad.docx"
FMT-GTH-055;Caracterizacion de la accidentalidad 2018-2019-2020.xlsx;.xlsx;Seguridad y Salud en el Trabajo;;2026-08-20T01:15:31;"https://unionsaludvida.sharepoint.com/sites/INTRANET/Documentos compartidos/DOCUMENTOS_INSTITUCIONALES/DIRECCION_ADMIN_FINAN/COORD_GESTION_HUMANA/ARCHIVOS_COORD_GH/GESTION CALIDAD -GH/Gestion del talento humano/DOCUMENTOS UNION PARA LA SALUD Y LA VIDA/SG-SST/FMT-GTH-055 Caracterizacion de la accidentalidad 2018 - 2019 -2020.xlsx?web=1";"https://unionsaludvida.sharepoint.com/sites/INTRANET/Documentos compartidos/DOCUMENTOS_INSTITUCIONALES/DIRECCION_ADMIN_FINAN/COORD_GESTION_HUMANA/ARCHIVOS_COORD_GH/GESTION CALIDAD -GH/Gestion del talento humano/DOCUMENTOS UNION PARA LA SALUD Y LA VIDA/SG-SST/FMT-GTH-055 Caracterizacion de la accidentalidad 2018 - 2019 -2020.xlsx"
FMT-GTH-056;Formato de solicitud de estudio.docx;.docx;Formacion;;2026-08-20T01:04:43;"https://unionsaludvida.sharepoint.com/sites/INTRANET/Documentos compartidos/DOCUMENTOS_INSTITUCIONALES/DIRECCION_ADMIN_FINAN/COORD_GESTION_HUMANA/ARCHIVOS_COORD_GH/GESTION CALIDAD -GH/Gestion del talento humano/DOCUMENTOS UNION PARA LA SALUD Y LA VIDA/FORMACION/FMT-GTH-056 Formato de solicitud de estudio.docx?web=1";"https://unionsaludvida.sharepoint.com/sites/INTRANET/Documentos compartidos/DOCUMENTOS_INSTITUCIONALES/DIRECCION_ADMIN_FINAN/COORD_GESTION_HUMANA/ARCHIVOS_COORD_GH/GESTION CALIDAD -GH/Gestion del talento humano/DOCUMENTOS UNION PARA LA SALUD Y LA VIDA/FORMACION/FMT-GTH-056 Formato de solicitud de estudio.docx"
FMT-GTH-058;Acta seguimiento a condiciones de salud.docx;.docx;Seguridad y Salud en el Trabajo;;2026-08-20T00:15:09;"https://unionsaludvida.sharepoint.com/sites/INTRANET/Documentos compartidos/DOCUMENTOS_INSTITUCIONALES/DIRECCION_ADMIN_FINAN/COORD_GESTION_HUMANA/ARCHIVOS_COORD_GH/GESTION CALIDAD -GH/Gestion del talento humano/DOCUMENTOS UNION PARA LA SALUD Y LA VIDA/SG-SST/FMT-GTH-058 Acta seguimiento a condiciones de salud.docx?web=1";"https://unionsaludvida.sharepoint.com/sites/INTRANET/Documentos compartidos/DOCUMENTOS_INSTITUCIONALES/DIRECCION_ADMIN_FINAN/COORD_GESTION_HUMANA/ARCHIVOS_COORD_GH/GESTION CALIDAD -GH/Gestion del talento humano/DOCUMENTOS UNION PARA LA SALUD Y LA VIDA/SG-SST/FMT-GTH-058 Acta seguimiento a condiciones de salud.docx"
FMT-GTH-059;Autorizacion especial para imagenes fotograficas y grabacion de video y audio.docx;.docx;Comunicaciones;;2026-08-24T19:45:46;"https://unionsaludvida.sharepoint.com/sites/INTRANET/Documentos compartidos/DOCUMENTOS_INSTITUCIONALES/DIRECCION_ADMIN_FINAN/COORD_GESTION_HUMANA/ARCHIVOS_COORD_GH/GESTION CALIDAD -GH/Gestion del talento humano/DOCUMENTOS UNION PARA LA SALUD Y LA VIDA/COMUNICACIONES/FMT-GTH-059 Autorizacion especial para imagenes fotograficas y grabacion de video y audio.docx?web=1";"https://unionsaludvida.sharepoint.com/sites/INTRANET/Documentos compartidos/DOCUMENTOS_INSTITUCIONALES/DIRECCION_ADMIN_FINAN/COORD_GESTION_HUMANA/ARCHIVOS_COORD_GH/GESTION CALIDAD -GH/Gestion del talento humano/DOCUMENTOS UNION PARA LA SALUD Y LA VIDA/COMUNICACIONES/FMT-GTH-059 Autorizacion especial para imagenes fotograficas y grabacion de video y audio.docx"
FMT-GTH-060;Evaluacion periodo de prueba Medico General.docx;.docx;Desempeño;;2026-08-26T15:46:20;"https://unionsaludvida.sharepoint.com/sites/INTRANET/Documentos compartidos/DOCUMENTOS_INSTITUCIONALES/DIRECCION_ADMIN_FINAN/COORD_GESTION_HUMANA/ARCHIVOS_COORD_GH/GESTION CALIDAD -GH/Gestion del talento humano/DOCUMENTOS UNION PARA LA SALUD Y LA VIDA/DESEMPEÑO/FMT-GTH-060 Evaluacion periodo de prueba Medico General.docx?web=1";"https://unionsaludvida.sharepoint.com/sites/INTRANET/Documentos compartidos/DOCUMENTOS_INSTITUCIONALES/DIRECCION_ADMIN_FINAN/COORD_GESTION_HUMANA/ARCHIVOS_COORD_GH/GESTION CALIDAD -GH/Gestion del talento humano/DOCUMENTOS UNION PARA LA SALUD Y LA VIDA/DESEMPEÑO/FMT-GTH-060 Evaluacion periodo de prueba Medico General.docx"
FMT-GTH-061;Lista de chequeo induccion de medicos especialistas.xlsx;.xlsx;Induccion;;2026-08-27T07:58:41;"https://unionsaludvida.sharepoint.com/sites/INTRANET/Documentos compartidos/DOCUMENTOS_INSTITUCIONALES/DIRECCION_ADMIN_FINAN/COORD_GESTION_HUMANA/ARCHIVOS_COORD_GH/GESTION CALIDAD -GH/Gestion del talento humano/DOCUMENTOS UNION PARA LA SALUD Y LA VIDA/INDUCCION/FMT-GTH-061 Lista de chequeo induccion de medicos especialistas.xlsx?web=1";"https://unionsaludvida.sharepoint.com/sites/INTRANET/Documentos compartidos/DOCUMENTOS_INSTITUCIONALES/DIRECCION_ADMIN_FINAN/COORD_GESTION_HUMANA/ARCHIVOS_COORD_GH/GESTION CALIDAD -GH/Gestion del talento humano/DOCUMENTOS UNION PARA LA SALUD Y LA VIDA/INDUCCION/FMT-GTH-061 Lista de chequeo induccion de medicos especialistas.xlsx"
FMT-GTH-062;Responsabilidades y rendicion de cuentas de integrante de comite COPASST.docx;.docx;Seguridad y Salud en el Trabajo;;2026-08-20T00:26:43;"https://unionsaludvida.sharepoint.com/sites/INTRANET/Documentos compartidos/DOCUMENTOS_INSTITUCIONALES/DIRECCION_ADMIN_FINAN/COORD_GESTION_HUMANA/ARCHIVOS_COORD_GH/GESTION CALIDAD -GH/Gestion del talento humano/DOCUMENTOS UNION PARA LA SALUD Y LA VIDA/SG-SST/RESPONSABILIDADES/FMT-GTH-062 Responsabilidades y rendicion de cuentas de integrante de comite COPASST.docx?web=1";"https://unionsaludvida.sharepoint.com/sites/INTRANET/Documentos compartidos/DOCUMENTOS_INSTITUCIONALES/DIRECCION_ADMIN_FINAN/COORD_GESTION_HUMANA/ARCHIVOS_COORD_GH/GESTION CALIDAD -GH/Gestion del talento humano/DOCUMENTOS UNION PARA LA SALUD Y LA VIDA/SG-SST/RESPONSABILIDADES/FMT-GTH-062 Responsabilidades y rendicion de cuentas de integrante de comite COPASST.docx"
FMT-GTH-063;Responsabilidades y rendicion de cuentas de seguridad y salud en el trabajo.docx;.docx;Seguridad y Salud en el Trabajo;;2026-08-20T00:27:12;"https://unionsaludvida.sharepoint.com/sites/INTRANET/Documentos compartidos/DOCUMENTOS_INSTITUCIONALES/DIRECCION_ADMIN_FINAN/COORD_GESTION_HUMANA/ARCHIVOS_COORD_GH/GESTION CALIDAD -GH/Gestion del talento humano/DOCUMENTOS UNION PARA LA SALUD Y LA VIDA/SG-SST/RESPONSABILIDADES/FMT-GTH-063 Responsabilidades y rendicion de cuentas de seguridad y salud en el trabajo.docx?web=1";"https://unionsaludvida.sharepoint.com/sites/INTRANET/Documentos compartidos/DOCUMENTOS_INSTITUCIONALES/DIRECCION_ADMIN_FINAN/COORD_GESTION_HUMANA/ARCHIVOS_COORD_GH/GESTION CALIDAD -GH/Gestion del talento humano/DOCUMENTOS UNION PARA LA SALUD Y LA VIDA/SG-SST/RESPONSABILIDADES/FMT-GTH-063 Responsabilidades y rendicion de cuentas de seguridad y salud en el trabajo.docx"
FMT-GTH-064;Responsabilidades y rendicion de cuentas colaboradores.docx;.docx;Seguridad y Salud en el Trabajo;;2026-08-20T00:28:33;"https://unionsaludvida.sharepoint.com/sites/INTRANET/Documentos compartidos/DOCUMENTOS_INSTITUCIONALES/DIRECCION_ADMIN_FINAN/COORD_GESTION_HUMANA/ARCHIVOS_COORD_GH/GESTION CALIDAD -GH/Gestion del talento humano/DOCUMENTOS UNION PARA LA SALUD Y LA VIDA/SG-SST/RESPONSABILIDADES/FMT-GTH-064 Responsabilidades y rendicion de cuentas colaboradores.docx?web=1";"https://unionsaludvida.sharepoint.com/sites/INTRANET/Documentos compartidos/DOCUMENTOS_INSTITUCIONALES/DIRECCION_ADMIN_FINAN/COORD_GESTION_HUMANA/ARCHIVOS_COORD_GH/GESTION CALIDAD -GH/Gestion del talento humano/DOCUMENTOS UNION PARA LA SALUD Y LA VIDA/SG-SST/RESPONSABILIDADES/FMT-GTH-064 Responsabilidades y rendicion de cuentas colaboradores.docx"
FMT-GTH-065;Responsabilidades y rendicion de cuentas Lider.docx;.docx;Seguridad y Salud en el Trabajo;;2026-08-20T00:28:10;"https://unionsaludvida.sharepoint.com/sites/INTRANET/Documentos compartidos/DOCUMENTOS_INSTITUCIONALES/DIRECCION_ADMIN_FINAN/COORD_GESTION_HUMANA/ARCHIVOS_COORD_GH/GESTION CALIDAD -GH/Gestion del talento humano/DOCUMENTOS UNION PARA LA SALUD Y LA VIDA/SG-SST/RESPONSABILIDADES/FMT-GTH-065 Responsabilidades y rendicion de cuentas Lider.docx?web=1";"https://unionsaludvida.sharepoint.com/sites/INTRANET/Documentos compartidos/DOCUMENTOS_INSTITUCIONALES/DIRECCION_ADMIN_FINAN/COORD_GESTION_HUMANA/ARCHIVOS_COORD_GH/GESTION CALIDAD -GH/Gestion del talento humano/DOCUMENTOS UNION PARA LA SALUD Y LA VIDA/SG-SST/RESPONSABILIDADES/FMT-GTH-065 Responsabilidades y rendicion de cuentas Lider.docx"
FMT-GTH-066;Responsabilidades y rendicion de cuentas CCL.docx;.docx;Seguridad y Salud en el Trabajo;;2026-08-20T00:29:19;"https://unionsaludvida.sharepoint.com/sites/INTRANET/Documentos compartidos/DOCUMENTOS_INSTITUCIONALES/DIRECCION_ADMIN_FINAN/COORD_GESTION_HUMANA/ARCHIVOS_COORD_GH/GESTION CALIDAD -GH/Gestion del talento humano/DOCUMENTOS UNION PARA LA SALUD Y LA VIDA/SG-SST/RESPONSABILIDADES/FMT-GTH-066 Responsabilidades y rendicion de cuentas CCL.docx?web=1";"https://unionsaludvida.sharepoint.com/sites/INTRANET/Documentos compartidos/DOCUMENTOS_INSTITUCIONALES/DIRECCION_ADMIN_FINAN/COORD_GESTION_HUMANA/ARCHIVOS_COORD_GH/GESTION CALIDAD -GH/Gestion del talento humano/DOCUMENTOS UNION PARA LA SALUD Y LA VIDA/SG-SST/RESPONSABILIDADES/FMT-GTH-066 Responsabilidades y rendicion de cuentas CCL.docx"
FMT-GTH-067;Responsabilidades y rendicion de cuentas Profesional SST.docx;.docx;Seguridad y Salud en el Trabajo;;2026-08-20T00:29:31;"https://unionsaludvida.sharepoint.com/sites/INTRANET/Documentos compartidos/DOCUMENTOS_INSTITUCIONALES/DIRECCION_ADMIN_FINAN/COORD_GESTION_HUMANA/ARCHIVOS_COORD_GH/GESTION CALIDAD -GH/Gestion del talento humano/DOCUMENTOS UNION PARA LA SALUD Y LA VIDA/SG-SST/RESPONSABILIDADES/FMT-GTH-067 Responsabilidades y rendicion de cuentas Profesional SST.docx?web=1";"https://unionsaludvida.sharepoint.com/sites/INTRANET/Documentos compartidos/DOCUMENTOS_INSTITUCIONALES/DIRECCION_ADMIN_FINAN/COORD_GESTION_HUMANA/ARCHIVOS_COORD_GH/GESTION CALIDAD -GH/Gestion del talento humano/DOCUMENTOS UNION PARA LA SALUD Y LA VIDA/SG-SST/RESPONSABILIDADES/FMT-GTH-067 Responsabilidades y rendicion de cuentas Profesional SST.docx"
FMT-GTH-068;Responsabilidades y rendicion de cuentas Auxiliar SST.docx;.docx;Seguridad y Salud en el Trabajo;;2026-08-20T00:29:44;"https://unionsaludvida.sharepoint.com/sites/INTRANET/Documentos compartidos/DOCUMENTOS_INSTITUCIONALES/DIRECCION_ADMIN_FINAN/COORD_GESTION_HUMANA/ARCHIVOS_COORD_GH/GESTION CALIDAD -GH/Gestion del talento humano/DOCUMENTOS UNION PARA LA SALUD Y LA VIDA/SG-SST/RESPONSABILIDADES/FMT-GTH-068 Responsabilidades y rendicion de cuentas Auxiliar SST.docx?web=1";"https://unionsaludvida.sharepoint.com/sites/INTRANET/Documentos compartidos/DOCUMENTOS_INSTITUCIONALES/DIRECCION_ADMIN_FINAN/COORD_GESTION_HUMANA/ARCHIVOS_COORD_GH/GESTION CALIDAD -GH/Gestion del talento humano/DOCUMENTOS UNION PARA LA SALUD Y LA VIDA/SG-SST/RESPONSABILIDADES/FMT-GTH-068 Responsabilidades y rendicion de cuentas Auxiliar SST.docx"
FMT-GTH-069;Responsabilidades  y Rendicion de cuentas direccion.docx;.docx;Seguridad y Salud en el Trabajo;;2026-08-20T00:30:03;"https://unionsaludvida.sharepoint.com/sites/INTRANET/Documentos compartidos/DOCUMENTOS_INSTITUCIONALES/DIRECCION_ADMIN_FINAN/COORD_GESTION_HUMANA/ARCHIVOS_COORD_GH/GESTION CALIDAD -GH/Gestion del talento humano/DOCUMENTOS UNION PARA LA SALUD Y LA VIDA/SG-SST/RESPONSABILIDADES/FMT-GTH-069 Responsabilidades  y Rendicion de cuentas direccion.docx?web=1";"https://unionsaludvida.sharepoint.com/sites/INTRANET/Documentos compartidos/DOCUMENTOS_INSTITUCIONALES/DIRECCION_ADMIN_FINAN/COORD_GESTION_HUMANA/ARCHIVOS_COORD_GH/GESTION CALIDAD -GH/Gestion del talento humano/DOCUMENTOS UNION PARA LA SALUD Y LA VIDA/SG-SST/RESPONSABILIDADES/FMT-GTH-069 Responsabilidades  y Rendicion de cuentas direccion.docx"
FMT-GTH-070;Responsabilidades y rendicion de cuentas medico laboral.docx;.docx;Seguridad y Salud en el Trabajo;;2026-08-20T00:30:21;"https://unionsaludvida.sharepoint.com/sites/INTRANET/Documentos compartidos/DOCUMENTOS_INSTITUCIONALES/DIRECCION_ADMIN_FINAN/COORD_GESTION_HUMANA/ARCHIVOS_COORD_GH/GESTION CALIDAD -GH/Gestion del talento humano/DOCUMENTOS UNION PARA LA SALUD Y LA VIDA/SG-SST/RESPONSABILIDADES/FMT-GTH-070 Responsabilidades y rendicion de cuentas medico laboral.docx?web=1";"https://unionsaludvida.sharepoint.com/sites/INTRANET/Documentos compartidos/DOCUMENTOS_INSTITUCIONALES/DIRECCION_ADMIN_FINAN/COORD_GESTION_HUMANA/ARCHIVOS_COORD_GH/GESTION CALIDAD -GH/Gestion del talento humano/DOCUMENTOS UNION PARA LA SALUD Y LA VIDA/SG-SST/RESPONSABILIDADES/FMT-GTH-070 Responsabilidades y rendicion de cuentas medico laboral.docx"
FMT-GTH-071;Responsabilidades y rendicion de cuentas medico general.docx;.docx;Seguridad y Salud en el Trabajo;;2026-08-20T00:30:31;"https://unionsaludvida.sharepoint.com/sites/INTRANET/Documentos compartidos/DOCUMENTOS_INSTITUCIONALES/DIRECCION_ADMIN_FINAN/COORD_GESTION_HUMANA/ARCHIVOS_COORD_GH/GESTION CALIDAD -GH/Gestion del talento humano/DOCUMENTOS UNION PARA LA SALUD Y LA VIDA/SG-SST/RESPONSABILIDADES/FMT-GTH-071 Responsabilidades y rendicion de cuentas medico general.docx?web=1";"https://unionsaludvida.sharepoint.com/sites/INTRANET/Documentos compartidos/DOCUMENTOS_INSTITUCIONALES/DIRECCION_ADMIN_FINAN/COORD_GESTION_HUMANA/ARCHIVOS_COORD_GH/GESTION CALIDAD -GH/Gestion del talento humano/DOCUMENTOS UNION PARA LA SALUD Y LA VIDA/SG-SST/RESPONSABILIDADES/FMT-GTH-071 Responsabilidades y rendicion de cuentas medico general.docx"
FMT-GTH-072;Control de producto archivo fisico.docx;.docx;Gestion Documental;;2026-08-24T16:00:27;"https://unionsaludvida.sharepoint.com/sites/INTRANET/Documentos compartidos/DOCUMENTOS_INSTITUCIONALES/DIRECCION_ADMIN_FINAN/COORD_GESTION_HUMANA/ARCHIVOS_COORD_GH/GESTION CALIDAD -GH/Gestion del talento humano/DOCUMENTOS UNION PARA LA SALUD Y LA VIDA/GESTION DOCUMENTAL/FMT-GTH-072 Control de producto archivo fisico.docx?web=1";"https://unionsaludvida.sharepoint.com/sites/INTRANET/Documentos compartidos/DOCUMENTOS_INSTITUCIONALES/DIRECCION_ADMIN_FINAN/COORD_GESTION_HUMANA/ARCHIVOS_COORD_GH/GESTION CALIDAD -GH/Gestion del talento humano/DOCUMENTOS UNION PARA LA SALUD Y LA VIDA/GESTION DOCUMENTAL/FMT-GTH-072 Control de producto archivo fisico.docx"
FMT-GTH-073;Formato entrega de dotación.xlsx;.xlsx;Gestion Documental;;2026-08-24T16:02:02;"https://unionsaludvida.sharepoint.com/sites/INTRANET/Documentos compartidos/DOCUMENTOS_INSTITUCIONALES/DIRECCION_ADMIN_FINAN/COORD_GESTION_HUMANA/ARCHIVOS_COORD_GH/GESTION CALIDAD -GH/Gestion del talento humano/DOCUMENTOS UNION PARA LA SALUD Y LA VIDA/GESTION DOCUMENTAL/FMT-GTH-073 Formato entrega de dotación.xlsx?web=1";"https://unionsaludvida.sharepoint.com/sites/INTRANET/Documentos compartidos/DOCUMENTOS_INSTITUCIONALES/DIRECCION_ADMIN_FINAN/COORD_GESTION_HUMANA/ARCHIVOS_COORD_GH/GESTION CALIDAD -GH/Gestion del talento humano/DOCUMENTOS UNION PARA LA SALUD Y LA VIDA/GESTION DOCUMENTAL/FMT-GTH-073 Formato entrega de dotación.xlsx"
FMT-GTH-074;Formato préstamo de carpetas físicas.xlsx;.xlsx;Gestion Documental;;2026-08-24T16:02:44;"https://unionsaludvida.sharepoint.com/sites/INTRANET/Documentos compartidos/DOCUMENTOS_INSTITUCIONALES/DIRECCION_ADMIN_FINAN/COORD_GESTION_HUMANA/ARCHIVOS_COORD_GH/GESTION CALIDAD -GH/Gestion del talento humano/DOCUMENTOS UNION PARA LA SALUD Y LA VIDA/GESTION DOCUMENTAL/FMT-GTH-074 Formato préstamo de carpetas físicas.xlsx?web=1";"https://unionsaludvida.sharepoint.com/sites/INTRANET/Documentos compartidos/DOCUMENTOS_INSTITUCIONALES/DIRECCION_ADMIN_FINAN/COORD_GESTION_HUMANA/ARCHIVOS_COORD_GH/GESTION CALIDAD -GH/Gestion del talento humano/DOCUMENTOS UNION PARA LA SALUD Y LA VIDA/GESTION DOCUMENTAL/FMT-GTH-074 Formato préstamo de carpetas físicas.xlsx"
FMT-GTI-001;Autorizacion de recursos tecnológicos.docx;.docx;Tecnologías de la Información;;2026-08-29T08:52:35;"https://unionsaludvida.sharepoint.com/sites/INTRANET/Documentos compartidos/DOCUMENTOS_INSTITUCIONALES/SISTEMAS_INFORMACION/GESTION DOCUMENTAL DE CALIDAD UT/Gestión documental de calidad Unión para la Salud Y la Vida SAS/Apoyo/Gestión TICS/Tecnologías de la Información/Formatos/FMT-GTI-001 Autorizacion de recursos tecnológicos.docx?web=1";"https://unionsaludvida.sharepoint.com/sites/INTRANET/Documentos compartidos/DOCUMENTOS_INSTITUCIONALES/SISTEMAS_INFORMACION/GESTION DOCUMENTAL DE CALIDAD UT/Gestión documental de calidad Unión para la Salud Y la Vida SAS/Apoyo/Gestión TICS/Tecnologías de la Información/Formatos/FMT-GTI-001 Autorizacion de recursos tecnológicos.docx"
FMT-GTI-002;Programacion de agendas.xlsx;.xlsx;Tecnologías de la Información;;2026-08-20T00:15:09;"https://unionsaludvida.sharepoint.com/sites/INTRANET/Documentos compartidos/DOCUMENTOS_INSTITUCIONALES/SISTEMAS_INFORMACION/GESTION DOCUMENTAL DE CALIDAD UT/Gestión documental de calidad Unión para la Salud Y la Vida SAS/Apoyo/Gestión TICS/Tecnologías de la Información/Formatos/FMT-GTI-002 Programacion de agendas.xlsx?web=1";"https://unionsaludvida.sharepoint.com/sites/INTRANET/Documentos compartidos/DOCUMENTOS_INSTITUCIONALES/SISTEMAS_INFORMACION/GESTION DOCUMENTAL DE CALIDAD UT/Gestión documental de calidad Unión para la Salud Y la Vida SAS/Apoyo/Gestión TICS/Tecnologías de la Información/Formatos/FMT-GTI-002 Programacion de agendas.xlsx"
FMT-GTI-003;Consentimiento informado para auditoria de información.docx;.docx;Tecnologías de la Información;;2026-08-29T08:52:35;"https://unionsaludvida.sharepoint.com/sites/INTRANET/Documentos compartidos/DOCUMENTOS_INSTITUCIONALES/SISTEMAS_INFORMACION/GESTION DOCUMENTAL DE CALIDAD UT/Gestión documental de calidad Unión para la Salud Y la Vida SAS/Apoyo/Gestión TICS/Tecnologías de la Información/Formatos/FMT-GTI-003 Consentimiento informado para auditoria de información.docx?web=1";"https://unionsaludvida.sharepoint.com/sites/INTRANET/Documentos compartidos/DOCUMENTOS_INSTITUCIONALES/SISTEMAS_INFORMACION/GESTION DOCUMENTAL DE CALIDAD UT/Gestión documental de calidad Unión para la Salud Y la Vida SAS/Apoyo/Gestión TICS/Tecnologías de la Información/Formatos/FMT-GTI-003 Consentimiento informado para auditoria de información.docx"
FMT-GTI-004;SARLAF.xlsx;.xlsx;Tecnologías de la Información;;2026-08-20T00:15:09;"https://unionsaludvida.sharepoint.com/sites/INTRANET/Documentos compartidos/DOCUMENTOS_INSTITUCIONALES/SISTEMAS_INFORMACION/GESTION DOCUMENTAL DE CALIDAD UT/Gestión documental de calidad Unión para la Salud Y la Vida SAS/Apoyo/Gestión TICS/Tecnologías de la Información/Formatos/FMT-GTI-004 SARLAF.xlsx?web=1";"https://unionsaludvida.sharepoint.com/sites/INTRANET/Documentos compartidos/DOCUMENTOS_INSTITUCIONALES/SISTEMAS_INFORMACION/GESTION DOCUMENTAL DE CALIDAD UT/Gestión documental de calidad Unión para la Salud Y la Vida SAS/Apoyo/Gestión TICS/Tecnologías de la Información/Formatos/FMT-GTI-004 SARLAF.xlsx"
INS-GFI-001;Instructivo de ingreso o cambio de politicas financieras.docx;.docx;Gestión Financiera y Contable;;2026-08-20T19:19:54;"https://unionsaludvida.sharepoint.com/sites/INTRANET/Documentos compartidos/DOCUMENTOS_INSTITUCIONALES/SISTEMAS_INFORMACION/GESTION DOCUMENTAL DE CALIDAD UT/Gestión documental de calidad Unión para la Salud Y la Vida SAS/Apoyo/Gestión Financiera/Gestión Financiera y Contable/Instructivos/INS-GFI-001 Instructivo de ingreso o cambio de politicas financieras.docx?web=1";"https://unionsaludvida.sharepoint.com/sites/INTRANET/Documentos compartidos/DOCUMENTOS_INSTITUCIONALES/SISTEMAS_INFORMACION/GESTION DOCUMENTAL DE CALIDAD UT/Gestión documental de calidad Unión para la Salud Y la Vida SAS/Apoyo/Gestión Financiera/Gestión Financiera y Contable/Instructivos/INS-GFI-001 Instructivo de ingreso o cambio de politicas financieras.docx"
INS-GFI-002;Instructivo de manejo de caja menor.docx;.docx;Gestión Financiera y Contable;;2026-08-20T19:20:42;"https://unionsaludvida.sharepoint.com/sites/INTRANET/Documentos compartidos/DOCUMENTOS_INSTITUCIONALES/SISTEMAS_INFORMACION/GESTION DOCUMENTAL DE CALIDAD UT/Gestión documental de calidad Unión para la Salud Y la Vida SAS/Apoyo/Gestión Financiera/Gestión Financiera y Contable/Instructivos/INS-GFI-002 Instructivo de manejo de caja menor.docx?web=1";"https://unionsaludvida.sharepoint.com/sites/INTRANET/Documentos compartidos/DOCUMENTOS_INSTITUCIONALES/SISTEMAS_INFORMACION/GESTION DOCUMENTAL DE CALIDAD UT/Gestión documental de calidad Unión para la Salud Y la Vida SAS/Apoyo/Gestión Financiera/Gestión Financiera y Contable/Instructivos/INS-GFI-002 Instructivo de manejo de caja menor.docx"
INS-GIC-001;Estructura documental del sistema de gestion documental de calidad.docx;.docx;Gestión Integral de Calidad;;2026-08-28T23:06:00;"https://unionsaludvida.sharepoint.com/sites/INTRANET/Documentos compartidos/DOCUMENTOS_INSTITUCIONALES/SISTEMAS_INFORMACION/GESTION DOCUMENTAL DE CALIDAD UT/Gestión documental de calidad Unión para la Salud Y la Vida SAS/Calidad/Gestión Integral de la calidad/Gestión Integral de Calidad/Instructivos/INS-GIC-001 Estructura documental del sistema de gestion documental de calidad.docx?web=1";"https://unionsaludvida.sharepoint.com/sites/INTRANET/Documentos compartidos/DOCUMENTOS_INSTITUCIONALES/SISTEMAS_INFORMACION/GESTION DOCUMENTAL DE CALIDAD UT/Gestión documental de calidad Unión para la Salud Y la Vida SAS/Calidad/Gestión Integral de la calidad/Gestión Integral de Calidad/Instructivos/INS-GIC-001 Estructura documental del sistema de gestion documental de calidad.docx"
INS-GIC-002;Control de registros del sistema de gestion documental de calidad.docx;.docx;Gestión Integral de Calidad;;2026-08-28T23:06:02;"https://unionsaludvida.sharepoint.com/sites/INTRANET/Documentos compartidos/DOCUMENTOS_INSTITUCIONALES/SISTEMAS_INFORMACION/GESTION DOCUMENTAL DE CALIDAD UT/Gestión documental de calidad Unión para la Salud Y la Vida SAS/Calidad/Gestión Integral de la calidad/Gestión Integral de Calidad/Instructivos/INS-GIC-002 Control de registros del sistema de gestion documental de calidad.docx?web=1";"https://unionsaludvida.sharepoint.com/sites/INTRANET/Documentos compartidos/DOCUMENTOS_INSTITUCIONALES/SISTEMAS_INFORMACION/GESTION DOCUMENTAL DE CALIDAD UT/Gestión documental de calidad Unión para la Salud Y la Vida SAS/Calidad/Gestión Integral de la calidad/Gestión Integral de Calidad/Instructivos/INS-GIC-002 Control de registros del sistema de gestion documental de calidad.docx"
INS-GIC-003;Compromiso de confidencialidad comites institucionales.docx;.docx;Gestión Integral de Calidad;;2026-08-28T23:06:00;"https://unionsaludvida.sharepoint.com/sites/INTRANET/Documentos compartidos/DOCUMENTOS_INSTITUCIONALES/SISTEMAS_INFORMACION/GESTION DOCUMENTAL DE CALIDAD UT/Gestión documental de calidad Unión para la Salud Y la Vida SAS/Calidad/Gestión Integral de la calidad/Gestión Integral de Calidad/Instructivos/INS-GIC-003 Compromiso de confidencialidad comites institucionales.docx?web=1";"https://unionsaludvida.sharepoint.com/sites/INTRANET/Documentos compartidos/DOCUMENTOS_INSTITUCIONALES/SISTEMAS_INFORMACION/GESTION DOCUMENTAL DE CALIDAD UT/Gestión documental de calidad Unión para la Salud Y la Vida SAS/Calidad/Gestión Integral de la calidad/Gestión Integral de Calidad/Instructivos/INS-GIC-003 Compromiso de confidencialidad comites institucionales.docx"
INS-GIC-004;Acciones de formación continua del talento humano en salud.docx;.docx;Gestión Integral de Calidad;;2026-08-28T23:06:00;"https://unionsaludvida.sharepoint.com/sites/INTRANET/Documentos compartidos/DOCUMENTOS_INSTITUCIONALES/SISTEMAS_INFORMACION/GESTION DOCUMENTAL DE CALIDAD UT/Gestión documental de calidad Unión para la Salud Y la Vida SAS/Calidad/Gestión Integral de la calidad/Gestión Integral de Calidad/Instructivos/INS-GIC-004 Acciones de formación continua del talento humano en salud.docx?web=1";"https://unionsaludvida.sharepoint.com/sites/INTRANET/Documentos compartidos/DOCUMENTOS_INSTITUCIONALES/SISTEMAS_INFORMACION/GESTION DOCUMENTAL DE CALIDAD UT/Gestión documental de calidad Unión para la Salud Y la Vida SAS/Calidad/Gestión Integral de la calidad/Gestión Integral de Calidad/Instructivos/INS-GIC-004 Acciones de formación continua del talento humano en salud.docx"
INS-GIC-005;Instructivo de acceso a la plataforma virtual de educación.docx;.docx;Gestión Integral de Calidad;;2026-08-28T23:06:01;"https://unionsaludvida.sharepoint.com/sites/INTRANET/Documentos compartidos/DOCUMENTOS_INSTITUCIONALES/SISTEMAS_INFORMACION/GESTION DOCUMENTAL DE CALIDAD UT/Gestión documental de calidad Unión para la Salud Y la Vida SAS/Calidad/Gestión Integral de la calidad/Gestión Integral de Calidad/Instructivos/INS-GIC-005 Instructivo de acceso a la plataforma virtual de educación.docx?web=1";"https://unionsaludvida.sharepoint.com/sites/INTRANET/Documentos compartidos/DOCUMENTOS_INSTITUCIONALES/SISTEMAS_INFORMACION/GESTION DOCUMENTAL DE CALIDAD UT/Gestión documental de calidad Unión para la Salud Y la Vida SAS/Calidad/Gestión Integral de la calidad/Gestión Integral de Calidad/Instructivos/INS-GIC-005 Instructivo de acceso a la plataforma virtual de educación.docx"
INS-GIC-006;Instructivo de inducción corporativa.docx;.docx;Gestión Integral de Calidad;;2026-08-28T23:06:01;"https://unionsaludvida.sharepoint.com/sites/INTRANET/Documentos compartidos/DOCUMENTOS_INSTITUCIONALES/SISTEMAS_INFORMACION/GESTION DOCUMENTAL DE CALIDAD UT/Gestión documental de calidad Unión para la Salud Y la Vida SAS/Calidad/Gestión Integral de la calidad/Gestión Integral de Calidad/Instructivos/INS-GIC-006 Instructivo de inducción corporativa.docx?web=1";"https://unionsaludvida.sharepoint.com/sites/INTRANET/Documentos compartidos/DOCUMENTOS_INSTITUCIONALES/SISTEMAS_INFORMACION/GESTION DOCUMENTAL DE CALIDAD UT/Gestión documental de calidad Unión para la Salud Y la Vida SAS/Calidad/Gestión Integral de la calidad/Gestión Integral de Calidad/Instructivos/INS-GIC-006 Instructivo de inducción corporativa.docx"
INS-GIC-007;Seguimiento operativo de indicadores.docx;.docx;Gestión Integral de Calidad;;2026-08-28T23:06:01;"https://unionsaludvida.sharepoint.com/sites/INTRANET/Documentos compartidos/DOCUMENTOS_INSTITUCIONALES/SISTEMAS_INFORMACION/GESTION DOCUMENTAL DE CALIDAD UT/Gestión documental de calidad Unión para la Salud Y la Vida SAS/Calidad/Gestión Integral de la calidad/Gestión Integral de Calidad/Instructivos/INS-GIC-007 Seguimiento operativo de indicadores.docx?web=1";"https://unionsaludvida.sharepoint.com/sites/INTRANET/Documentos compartidos/DOCUMENTOS_INSTITUCIONALES/SISTEMAS_INFORMACION/GESTION DOCUMENTAL DE CALIDAD UT/Gestión documental de calidad Unión para la Salud Y la Vida SAS/Calidad/Gestión Integral de la calidad/Gestión Integral de Calidad/Instructivos/INS-GIC-007 Seguimiento operativo de indicadores.docx"
INS-GIC-008;Acciones de formación continua del talento humano en salud especialistas.docx;.docx;Gestión Integral de Calidad;;2026-08-28T23:06:02;"https://unionsaludvida.sharepoint.com/sites/INTRANET/Documentos compartidos/DOCUMENTOS_INSTITUCIONALES/SISTEMAS_INFORMACION/GESTION DOCUMENTAL DE CALIDAD UT/Gestión documental de calidad Unión para la Salud Y la Vida SAS/Calidad/Gestión Integral de la calidad/Gestión Integral de Calidad/Instructivos/INS-GIC-008 Acciones de formación continua del talento humano en salud especialistas.docx?web=1";"https://unionsaludvida.sharepoint.com/sites/INTRANET/Documentos compartidos/DOCUMENTOS_INSTITUCIONALES/SISTEMAS_INFORMACION/GESTION DOCUMENTAL DE CALIDAD UT/Gestión documental de calidad Unión para la Salud Y la Vida SAS/Calidad/Gestión Integral de la calidad/Gestión Integral de Calidad/Instructivos/INS-GIC-008 Acciones de formación continua del talento humano en salud especialistas.docx"
INS-GIC-009;Acuerdo de confidencialidad y manejo de la informacion.docx;.docx;Gestión Integral de Calidad;;2026-08-28T23:06:02;"https://unionsaludvida.sharepoint.com/sites/INTRANET/Documentos compartidos/DOCUMENTOS_INSTITUCIONALES/SISTEMAS_INFORMACION/GESTION DOCUMENTAL DE CALIDAD UT/Gestión documental de calidad Unión para la Salud Y la Vida SAS/Calidad/Gestión Integral de la calidad/Gestión Integral de Calidad/Instructivos/INS-GIC-009 Acuerdo de confidencialidad y manejo de la informacion.docx?web=1";"https://unionsaludvida.sharepoint.com/sites/INTRANET/Documentos compartidos/DOCUMENTOS_INSTITUCIONALES/SISTEMAS_INFORMACION/GESTION DOCUMENTAL DE CALIDAD UT/Gestión documental de calidad Unión para la Salud Y la Vida SAS/Calidad/Gestión Integral de la calidad/Gestión Integral de Calidad/Instructivos/INS-GIC-009 Acuerdo de confidencialidad y manejo de la informacion.docx"
INS-GMD-001;Registro de crecimiento y desarrollo indivudual en historia clinica.docx;.docx;Gestión medicina general;;2026-08-28T11:34:58;"https://unionsaludvida.sharepoint.com/sites/INTRANET/Documentos compartidos/DOCUMENTOS_INSTITUCIONALES/SISTEMAS_INFORMACION/GESTION DOCUMENTAL DE CALIDAD UT/Gestión documental de calidad Unión para la Salud Y la Vida SAS/Misionales/Gestión Médica y Asistencial/Gestión medicina general/Instructivos/INS-GMD-001 Registro de crecimiento y desarrollo indivudual en historia clinica.docx?web=1";"https://unionsaludvida.sharepoint.com/sites/INTRANET/Documentos compartidos/DOCUMENTOS_INSTITUCIONALES/SISTEMAS_INFORMACION/GESTION DOCUMENTAL DE CALIDAD UT/Gestión documental de calidad Unión para la Salud Y la Vida SAS/Misionales/Gestión Médica y Asistencial/Gestión medicina general/Instructivos/INS-GMD-001 Registro de crecimiento y desarrollo indivudual en historia clinica.docx"
INS-GMD-002;Registro de codigo fuscia en historia clinica.docx;.docx;Gestión medicina general;;2026-08-28T11:34:58;"https://unionsaludvida.sharepoint.com/sites/INTRANET/Documentos compartidos/DOCUMENTOS_INSTITUCIONALES/SISTEMAS_INFORMACION/GESTION DOCUMENTAL DE CALIDAD UT/Gestión documental de calidad Unión para la Salud Y la Vida SAS/Misionales/Gestión Médica y Asistencial/Gestión medicina general/Instructivos/INS-GMD-002 Registro de codigo fuscia en historia clinica.docx?web=1";"https://unionsaludvida.sharepoint.com/sites/INTRANET/Documentos compartidos/DOCUMENTOS_INSTITUCIONALES/SISTEMAS_INFORMACION/GESTION DOCUMENTAL DE CALIDAD UT/Gestión documental de calidad Unión para la Salud Y la Vida SAS/Misionales/Gestión Médica y Asistencial/Gestión medicina general/Instructivos/INS-GMD-002 Registro de codigo fuscia en historia clinica.docx"
INS-GMD-003;Registro de procedimientos menores en historia clinica.docx;.docx;Gestión medicina general;;2026-08-28T11:34:58;"https://unionsaludvida.sharepoint.com/sites/INTRANET/Documentos compartidos/DOCUMENTOS_INSTITUCIONALES/SISTEMAS_INFORMACION/GESTION DOCUMENTAL DE CALIDAD UT/Gestión documental de calidad Unión para la Salud Y la Vida SAS/Misionales/Gestión Médica y Asistencial/Gestión medicina general/Instructivos/INS-GMD-003 Registro de procedimientos menores en historia clinica.docx?web=1";"https://unionsaludvida.sharepoint.com/sites/INTRANET/Documentos compartidos/DOCUMENTOS_INSTITUCIONALES/SISTEMAS_INFORMACION/GESTION DOCUMENTAL DE CALIDAD UT/Gestión documental de calidad Unión para la Salud Y la Vida SAS/Misionales/Gestión Médica y Asistencial/Gestión medicina general/Instructivos/INS-GMD-003 Registro de procedimientos menores en historia clinica.docx"
INS-GMD-004;Gestion medica.docx;.docx;Gestión medicina general;;2026-08-28T11:34:58;"https://unionsaludvida.sharepoint.com/sites/INTRANET/Documentos compartidos/DOCUMENTOS_INSTITUCIONALES/SISTEMAS_INFORMACION/GESTION DOCUMENTAL DE CALIDAD UT/Gestión documental de calidad Unión para la Salud Y la Vida SAS/Misionales/Gestión Médica y Asistencial/Gestión medicina general/Instructivos/INS-GMD-004 Gestion medica.docx?web=1";"https://unionsaludvida.sharepoint.com/sites/INTRANET/Documentos compartidos/DOCUMENTOS_INSTITUCIONALES/SISTEMAS_INFORMACION/GESTION DOCUMENTAL DE CALIDAD UT/Gestión documental de calidad Unión para la Salud Y la Vida SAS/Misionales/Gestión Médica y Asistencial/Gestión medicina general/Instructivos/INS-GMD-004 Gestion medica.docx"
INS-GMD-005;Encolamiento de pacientes.docx;.docx;Gestión medicina general;;2026-08-28T11:34:58;"https://unionsaludvida.sharepoint.com/sites/INTRANET/Documentos compartidos/DOCUMENTOS_INSTITUCIONALES/SISTEMAS_INFORMACION/GESTION DOCUMENTAL DE CALIDAD UT/Gestión documental de calidad Unión para la Salud Y la Vida SAS/Misionales/Gestión Médica y Asistencial/Gestión medicina general/Instructivos/INS-GMD-005 Encolamiento de pacientes.docx?web=1";"https://unionsaludvida.sharepoint.com/sites/INTRANET/Documentos compartidos/DOCUMENTOS_INSTITUCIONALES/SISTEMAS_INFORMACION/GESTION DOCUMENTAL DE CALIDAD UT/Gestión documental de calidad Unión para la Salud Y la Vida SAS/Misionales/Gestión Médica y Asistencial/Gestión medicina general/Instructivos/INS-GMD-005 Encolamiento de pacientes.docx"
INS-GMD-007;Central de novedades.docx;.docx;Gestión medicina general;;2026-08-28T11:34:58;"https://unionsaludvida.sharepoint.com/sites/INTRANET/Documentos compartidos/DOCUMENTOS_INSTITUCIONALES/SISTEMAS_INFORMACION/GESTION DOCUMENTAL DE CALIDAD UT/Gestión documental de calidad Unión para la Salud Y la Vida SAS/Misionales/Gestión Médica y Asistencial/Gestión medicina general/Instructivos/INS-GMD-007 Central de novedades.docx?web=1";"https://unionsaludvida.sharepoint.com/sites/INTRANET/Documentos compartidos/DOCUMENTOS_INSTITUCIONALES/SISTEMAS_INFORMACION/GESTION DOCUMENTAL DE CALIDAD UT/Gestión documental de calidad Unión para la Salud Y la Vida SAS/Misionales/Gestión Médica y Asistencial/Gestión medicina general/Instructivos/INS-GMD-007 Central de novedades.docx"
INS-GMD-011;Manejo del buzon de red externa.docx;.docx;Gestión especialistas;;2026-08-30T22:23:11;"https://unionsaludvida.sharepoint.com/sites/INTRANET/Documentos compartidos/DOCUMENTOS_INSTITUCIONALES/SISTEMAS_INFORMACION/GESTION DOCUMENTAL DE CALIDAD UT/Gestión documental de calidad Unión para la Salud Y la Vida SAS/Misionales/Gestión Médica y Asistencial/Gestión especialistas/Instructivos/INS-GMD-011 Manejo del buzon de red externa.docx?web=1";"https://unionsaludvida.sharepoint.com/sites/INTRANET/Documentos compartidos/DOCUMENTOS_INSTITUCIONALES/SISTEMAS_INFORMACION/GESTION DOCUMENTAL DE CALIDAD UT/Gestión documental de calidad Unión para la Salud Y la Vida SAS/Misionales/Gestión Médica y Asistencial/Gestión especialistas/Instructivos/INS-GMD-011 Manejo del buzon de red externa.docx"
INS-GMD-012;Indicadores de especialistas.docx;.docx;Gestión especialistas;;2026-08-30T22:23:11;"https://unionsaludvida.sharepoint.com/sites/INTRANET/Documentos compartidos/DOCUMENTOS_INSTITUCIONALES/SISTEMAS_INFORMACION/GESTION DOCUMENTAL DE CALIDAD UT/Gestión documental de calidad Unión para la Salud Y la Vida SAS/Misionales/Gestión Médica y Asistencial/Gestión especialistas/Instructivos/INS-GMD-012 Indicadores de especialistas.docx?web=1";"https://unionsaludvida.sharepoint.com/sites/INTRANET/Documentos compartidos/DOCUMENTOS_INSTITUCIONALES/SISTEMAS_INFORMACION/GESTION DOCUMENTAL DE CALIDAD UT/Gestión documental de calidad Unión para la Salud Y la Vida SAS/Misionales/Gestión Médica y Asistencial/Gestión especialistas/Instructivos/INS-GMD-012 Indicadores de especialistas.docx"
INS-GMD-014;Modelo de Atencion de Alta Resolucion de medicina interna.docx;.docx;Gestión especialistas;;2026-08-30T22:25:16;"https://unionsaludvida.sharepoint.com/sites/INTRANET/Documentos compartidos/DOCUMENTOS_INSTITUCIONALES/SISTEMAS_INFORMACION/GESTION DOCUMENTAL DE CALIDAD UT/Gestión documental de calidad Unión para la Salud Y la Vida SAS/Misionales/Gestión Médica y Asistencial/Gestión especialistas/Instructivos/INS-GMD-014 Modelo de Atencion de Alta Resolucion de medicina interna.docx?web=1";"https://unionsaludvida.sharepoint.com/sites/INTRANET/Documentos compartidos/DOCUMENTOS_INSTITUCIONALES/SISTEMAS_INFORMACION/GESTION DOCUMENTAL DE CALIDAD UT/Gestión documental de calidad Unión para la Salud Y la Vida SAS/Misionales/Gestión Médica y Asistencial/Gestión especialistas/Instructivos/INS-GMD-014 Modelo de Atencion de Alta Resolucion de medicina interna.docx"
INS-GMD-015;Vacaciones de Especialistas Vinculados.docx;.docx;Gestión especialistas;;2026-08-30T22:23:12;"https://unionsaludvida.sharepoint.com/sites/INTRANET/Documentos compartidos/DOCUMENTOS_INSTITUCIONALES/SISTEMAS_INFORMACION/GESTION DOCUMENTAL DE CALIDAD UT/Gestión documental de calidad Unión para la Salud Y la Vida SAS/Misionales/Gestión Médica y Asistencial/Gestión especialistas/Instructivos/INS-GMD-015 Vacaciones de Especialistas Vinculados.docx?web=1";"https://unionsaludvida.sharepoint.com/sites/INTRANET/Documentos compartidos/DOCUMENTOS_INSTITUCIONALES/SISTEMAS_INFORMACION/GESTION DOCUMENTAL DE CALIDAD UT/Gestión documental de calidad Unión para la Salud Y la Vida SAS/Misionales/Gestión Médica y Asistencial/Gestión especialistas/Instructivos/INS-GMD-015 Vacaciones de Especialistas Vinculados.docx"
INS-GMD-016;Logueo Para Respuesta de Conceptos Virtuales.docx;.docx;Gestión especialistas;;2026-08-30T22:23:12;"https://unionsaludvida.sharepoint.com/sites/INTRANET/Documentos compartidos/DOCUMENTOS_INSTITUCIONALES/SISTEMAS_INFORMACION/GESTION DOCUMENTAL DE CALIDAD UT/Gestión documental de calidad Unión para la Salud Y la Vida SAS/Misionales/Gestión Médica y Asistencial/Gestión especialistas/Instructivos/INS-GMD-016 Logueo Para Respuesta de Conceptos Virtuales.docx?web=1";"https://unionsaludvida.sharepoint.com/sites/INTRANET/Documentos compartidos/DOCUMENTOS_INSTITUCIONALES/SISTEMAS_INFORMACION/GESTION DOCUMENTAL DE CALIDAD UT/Gestión documental de calidad Unión para la Salud Y la Vida SAS/Misionales/Gestión Médica y Asistencial/Gestión especialistas/Instructivos/INS-GMD-016 Logueo Para Respuesta de Conceptos Virtuales.docx"
INS-GMD-017;Logueo En Sede.docx;.docx;Gestión especialistas;;2026-08-30T22:23:13;"https://unionsaludvida.sharepoint.com/sites/INTRANET/Documentos compartidos/DOCUMENTOS_INSTITUCIONALES/SISTEMAS_INFORMACION/GESTION DOCUMENTAL DE CALIDAD UT/Gestión documental de calidad Unión para la Salud Y la Vida SAS/Misionales/Gestión Médica y Asistencial/Gestión especialistas/Instructivos/INS-GMD-017 Logueo En Sede.docx?web=1";"https://unionsaludvida.sharepoint.com/sites/INTRANET/Documentos compartidos/DOCUMENTOS_INSTITUCIONALES/SISTEMAS_INFORMACION/GESTION DOCUMENTAL DE CALIDAD UT/Gestión documental de calidad Unión para la Salud Y la Vida SAS/Misionales/Gestión Médica y Asistencial/Gestión especialistas/Instructivos/INS-GMD-017 Logueo En Sede.docx"
INS-GMD-018;Modelo de Atencion En Alta Resolucion de Pediatria.docx;.docx;Gestión especialistas;;2026-08-28T11:34:46;"https://unionsaludvida.sharepoint.com/sites/INTRANET/Documentos compartidos/DOCUMENTOS_INSTITUCIONALES/SISTEMAS_INFORMACION/GESTION DOCUMENTAL DE CALIDAD UT/Gestión documental de calidad Unión para la Salud Y la Vida SAS/Misionales/Gestión Médica y Asistencial/Gestión especialistas/Instructivos/INS-GMD-018 Modelo de Atencion En Alta Resolucion de Pediatria.docx?web=1";"https://unionsaludvida.sharepoint.com/sites/INTRANET/Documentos compartidos/DOCUMENTOS_INSTITUCIONALES/SISTEMAS_INFORMACION/GESTION DOCUMENTAL DE CALIDAD UT/Gestión documental de calidad Unión para la Salud Y la Vida SAS/Misionales/Gestión Médica y Asistencial/Gestión especialistas/Instructivos/INS-GMD-018 Modelo de Atencion En Alta Resolucion de Pediatria.docx"
INS-GMD-019;Manejo de Personal Auxiliar Administrativo para Especialistas.docx;.docx;Gestión especialistas;;2026-08-30T22:23:09;"https://unionsaludvida.sharepoint.com/sites/INTRANET/Documentos compartidos/DOCUMENTOS_INSTITUCIONALES/SISTEMAS_INFORMACION/GESTION DOCUMENTAL DE CALIDAD UT/Gestión documental de calidad Unión para la Salud Y la Vida SAS/Misionales/Gestión Médica y Asistencial/Gestión especialistas/Instructivos/INS-GMD-019 Manejo de Personal Auxiliar Administrativo para Especialistas.docx?web=1";"https://unionsaludvida.sharepoint.com/sites/INTRANET/Documentos compartidos/DOCUMENTOS_INSTITUCIONALES/SISTEMAS_INFORMACION/GESTION DOCUMENTAL DE CALIDAD UT/Gestión documental de calidad Unión para la Salud Y la Vida SAS/Misionales/Gestión Médica y Asistencial/Gestión especialistas/Instructivos/INS-GMD-019 Manejo de Personal Auxiliar Administrativo para Especialistas.docx"
INS-GMD-020;Modelo de Atencion de Alta Resolucion de Ginecologia.docx;.docx;Gestión especialistas;;2026-08-30T22:25:03;"https://unionsaludvida.sharepoint.com/sites/INTRANET/Documentos compartidos/DOCUMENTOS_INSTITUCIONALES/SISTEMAS_INFORMACION/GESTION DOCUMENTAL DE CALIDAD UT/Gestión documental de calidad Unión para la Salud Y la Vida SAS/Misionales/Gestión Médica y Asistencial/Gestión especialistas/Instructivos/INS-GMD-020 Modelo de Atencion de Alta Resolucion de Ginecologia.docx?web=1";"https://unionsaludvida.sharepoint.com/sites/INTRANET/Documentos compartidos/DOCUMENTOS_INSTITUCIONALES/SISTEMAS_INFORMACION/GESTION DOCUMENTAL DE CALIDAD UT/Gestión documental de calidad Unión para la Salud Y la Vida SAS/Misionales/Gestión Médica y Asistencial/Gestión especialistas/Instructivos/INS-GMD-020 Modelo de Atencion de Alta Resolucion de Ginecologia.docx"
INS-GMD-021;Facturación de Honorarios.docx;.docx;Gestión especialistas;;2026-08-30T22:23:09;"https://unionsaludvida.sharepoint.com/sites/INTRANET/Documentos compartidos/DOCUMENTOS_INSTITUCIONALES/SISTEMAS_INFORMACION/GESTION DOCUMENTAL DE CALIDAD UT/Gestión documental de calidad Unión para la Salud Y la Vida SAS/Misionales/Gestión Médica y Asistencial/Gestión especialistas/Instructivos/INS-GMD-021 Facturación de Honorarios.docx?web=1";"https://unionsaludvida.sharepoint.com/sites/INTRANET/Documentos compartidos/DOCUMENTOS_INSTITUCIONALES/SISTEMAS_INFORMACION/GESTION DOCUMENTAL DE CALIDAD UT/Gestión documental de calidad Unión para la Salud Y la Vida SAS/Misionales/Gestión Médica y Asistencial/Gestión especialistas/Instructivos/INS-GMD-021 Facturación de Honorarios.docx"
INS-GMD-022;Red Externa.docx;.docx;Gestión especialistas;;2026-08-30T22:23:09;"https://unionsaludvida.sharepoint.com/sites/INTRANET/Documentos compartidos/DOCUMENTOS_INSTITUCIONALES/SISTEMAS_INFORMACION/GESTION DOCUMENTAL DE CALIDAD UT/Gestión documental de calidad Unión para la Salud Y la Vida SAS/Misionales/Gestión Médica y Asistencial/Gestión especialistas/Instructivos/INS-GMD-022 Red Externa.docx?web=1";"https://unionsaludvida.sharepoint.com/sites/INTRANET/Documentos compartidos/DOCUMENTOS_INSTITUCIONALES/SISTEMAS_INFORMACION/GESTION DOCUMENTAL DE CALIDAD UT/Gestión documental de calidad Unión para la Salud Y la Vida SAS/Misionales/Gestión Médica y Asistencial/Gestión especialistas/Instructivos/INS-GMD-022 Red Externa.docx"
INS-GMD-023;Correo de Bienvenida.docx;.docx;Gestión especialistas;;2026-08-30T22:23:10;"https://unionsaludvida.sharepoint.com/sites/INTRANET/Documentos compartidos/DOCUMENTOS_INSTITUCIONALES/SISTEMAS_INFORMACION/GESTION DOCUMENTAL DE CALIDAD UT/Gestión documental de calidad Unión para la Salud Y la Vida SAS/Misionales/Gestión Médica y Asistencial/Gestión especialistas/Instructivos/INS-GMD-023 Correo de Bienvenida.docx?web=1";"https://unionsaludvida.sharepoint.com/sites/INTRANET/Documentos compartidos/DOCUMENTOS_INSTITUCIONALES/SISTEMAS_INFORMACION/GESTION DOCUMENTAL DE CALIDAD UT/Gestión documental de calidad Unión para la Salud Y la Vida SAS/Misionales/Gestión Médica y Asistencial/Gestión especialistas/Instructivos/INS-GMD-023 Correo de Bienvenida.docx"
INS-GMD-024;Ingreso de Especialistas.docx;.docx;Gestión especialistas;;2026-08-30T22:23:10;"https://unionsaludvida.sharepoint.com/sites/INTRANET/Documentos compartidos/DOCUMENTOS_INSTITUCIONALES/SISTEMAS_INFORMACION/GESTION DOCUMENTAL DE CALIDAD UT/Gestión documental de calidad Unión para la Salud Y la Vida SAS/Misionales/Gestión Médica y Asistencial/Gestión especialistas/Instructivos/INS-GMD-024 Ingreso de Especialistas.docx?web=1";"https://unionsaludvida.sharepoint.com/sites/INTRANET/Documentos compartidos/DOCUMENTOS_INSTITUCIONALES/SISTEMAS_INFORMACION/GESTION DOCUMENTAL DE CALIDAD UT/Gestión documental de calidad Unión para la Salud Y la Vida SAS/Misionales/Gestión Médica y Asistencial/Gestión especialistas/Instructivos/INS-GMD-024 Ingreso de Especialistas.docx"
INS-GMD-026;Manejo de Novedades Especialistas.docx;.docx;Gestión especialistas;;2026-08-30T22:23:10;"https://unionsaludvida.sharepoint.com/sites/INTRANET/Documentos compartidos/DOCUMENTOS_INSTITUCIONALES/SISTEMAS_INFORMACION/GESTION DOCUMENTAL DE CALIDAD UT/Gestión documental de calidad Unión para la Salud Y la Vida SAS/Misionales/Gestión Médica y Asistencial/Gestión especialistas/Instructivos/INS-GMD-026 Manejo de Novedades Especialistas.docx?web=1";"https://unionsaludvida.sharepoint.com/sites/INTRANET/Documentos compartidos/DOCUMENTOS_INSTITUCIONALES/SISTEMAS_INFORMACION/GESTION DOCUMENTAL DE CALIDAD UT/Gestión documental de calidad Unión para la Salud Y la Vida SAS/Misionales/Gestión Médica y Asistencial/Gestión especialistas/Instructivos/INS-GMD-026 Manejo de Novedades Especialistas.docx"
INS-GMD-027;Seguimiento de Especialista en sede.docx;.docx;Gestión especialistas;;2026-08-30T22:23:02;"https://unionsaludvida.sharepoint.com/sites/INTRANET/Documentos compartidos/DOCUMENTOS_INSTITUCIONALES/SISTEMAS_INFORMACION/GESTION DOCUMENTAL DE CALIDAD UT/Gestión documental de calidad Unión para la Salud Y la Vida SAS/Misionales/Gestión Médica y Asistencial/Gestión especialistas/Instructivos/INS-GMD-027 Seguimiento de Especialista en sede.docx?web=1";"https://unionsaludvida.sharepoint.com/sites/INTRANET/Documentos compartidos/DOCUMENTOS_INSTITUCIONALES/SISTEMAS_INFORMACION/GESTION DOCUMENTAL DE CALIDAD UT/Gestión documental de calidad Unión para la Salud Y la Vida SAS/Misionales/Gestión Médica y Asistencial/Gestión especialistas/Instructivos/INS-GMD-027 Seguimiento de Especialista en sede.docx"
INS-GMD-028;Contratación de Especialistas.docx;.docx;Gestión especialistas;;2026-08-30T22:23:11;"https://unionsaludvida.sharepoint.com/sites/INTRANET/Documentos compartidos/DOCUMENTOS_INSTITUCIONALES/SISTEMAS_INFORMACION/GESTION DOCUMENTAL DE CALIDAD UT/Gestión documental de calidad Unión para la Salud Y la Vida SAS/Misionales/Gestión Médica y Asistencial/Gestión especialistas/Instructivos/INS-GMD-028 Contratación de Especialistas.docx?web=1";"https://unionsaludvida.sharepoint.com/sites/INTRANET/Documentos compartidos/DOCUMENTOS_INSTITUCIONALES/SISTEMAS_INFORMACION/GESTION DOCUMENTAL DE CALIDAD UT/Gestión documental de calidad Unión para la Salud Y la Vida SAS/Misionales/Gestión Médica y Asistencial/Gestión especialistas/Instructivos/INS-GMD-028 Contratación de Especialistas.docx"
INS-GMD-029;Funciones Lideres de Gestion Asistencial de Especialistas.docx;.docx;Gestión especialistas;;2026-08-28T11:34:46;"https://unionsaludvida.sharepoint.com/sites/INTRANET/Documentos compartidos/DOCUMENTOS_INSTITUCIONALES/SISTEMAS_INFORMACION/GESTION DOCUMENTAL DE CALIDAD UT/Gestión documental de calidad Unión para la Salud Y la Vida SAS/Misionales/Gestión Médica y Asistencial/Gestión especialistas/Instructivos/INS-GMD-029 Funciones Lideres de Gestion Asistencial de Especialistas.docx?web=1";"https://unionsaludvida.sharepoint.com/sites/INTRANET/Documentos compartidos/DOCUMENTOS_INSTITUCIONALES/SISTEMAS_INFORMACION/GESTION DOCUMENTAL DE CALIDAD UT/Gestión documental de calidad Unión para la Salud Y la Vida SAS/Misionales/Gestión Médica y Asistencial/Gestión especialistas/Instructivos/INS-GMD-029 Funciones Lideres de Gestion Asistencial de Especialistas.docx"
INS-GMD-030;Modelo de Atencion de Alta Resolucion para Ortopedia.docx;.docx;Gestión especialistas;;2026-08-30T22:17:33;"https://unionsaludvida.sharepoint.com/sites/INTRANET/Documentos compartidos/DOCUMENTOS_INSTITUCIONALES/SISTEMAS_INFORMACION/GESTION DOCUMENTAL DE CALIDAD UT/Gestión documental de calidad Unión para la Salud Y la Vida SAS/Misionales/Gestión Médica y Asistencial/Gestión especialistas/Instructivos/INS-GMD-030 Modelo de Atencion de Alta Resolucion para Ortopedia.docx?web=1";"https://unionsaludvida.sharepoint.com/sites/INTRANET/Documentos compartidos/DOCUMENTOS_INSTITUCIONALES/SISTEMAS_INFORMACION/GESTION DOCUMENTAL DE CALIDAD UT/Gestión documental de calidad Unión para la Salud Y la Vida SAS/Misionales/Gestión Médica y Asistencial/Gestión especialistas/Instructivos/INS-GMD-030 Modelo de Atencion de Alta Resolucion para Ortopedia.docx"
INS-GTH-001;Seguridad en el descarte de material cortopunzante.docx;.docx;Seguridad y Salud en el Trabajo;;2026-08-20T01:15:31;"https://unionsaludvida.sharepoint.com/sites/INTRANET/Documentos compartidos/DOCUMENTOS_INSTITUCIONALES/DIRECCION_ADMIN_FINAN/COORD_GESTION_HUMANA/ARCHIVOS_COORD_GH/GESTION CALIDAD -GH/Gestion del talento humano/DOCUMENTOS UNION PARA LA SALUD Y LA VIDA/SG-SST/INS-GTH-001 Seguridad en el descarte de material cortopunzante.docx?web=1";"https://unionsaludvida.sharepoint.com/sites/INTRANET/Documentos compartidos/DOCUMENTOS_INSTITUCIONALES/DIRECCION_ADMIN_FINAN/COORD_GESTION_HUMANA/ARCHIVOS_COORD_GH/GESTION CALIDAD -GH/Gestion del talento humano/DOCUMENTOS UNION PARA LA SALUD Y LA VIDA/SG-SST/INS-GTH-001 Seguridad en el descarte de material cortopunzante.docx"
INS-GTH-002;Analisis de incidentes y accidentes de trabajo.docx;.docx;Seguridad y Salud en el Trabajo;;2026-08-20T01:15:31;"https://unionsaludvida.sharepoint.com/sites/INTRANET/Documentos compartidos/DOCUMENTOS_INSTITUCIONALES/DIRECCION_ADMIN_FINAN/COORD_GESTION_HUMANA/ARCHIVOS_COORD_GH/GESTION CALIDAD -GH/Gestion del talento humano/DOCUMENTOS UNION PARA LA SALUD Y LA VIDA/SG-SST/INS-GTH-002 Analisis de incidentes y accidentes de trabajo.docx?web=1";"https://unionsaludvida.sharepoint.com/sites/INTRANET/Documentos compartidos/DOCUMENTOS_INSTITUCIONALES/DIRECCION_ADMIN_FINAN/COORD_GESTION_HUMANA/ARCHIVOS_COORD_GH/GESTION CALIDAD -GH/Gestion del talento humano/DOCUMENTOS UNION PARA LA SALUD Y LA VIDA/SG-SST/INS-GTH-002 Analisis de incidentes y accidentes de trabajo.docx"
INS-GTH-003;Inspeccion de seguridad en los centros integrales de salud.docx;.docx;Seguridad y Salud en el Trabajo;;2026-08-20T01:15:31;"https://unionsaludvida.sharepoint.com/sites/INTRANET/Documentos compartidos/DOCUMENTOS_INSTITUCIONALES/DIRECCION_ADMIN_FINAN/COORD_GESTION_HUMANA/ARCHIVOS_COORD_GH/GESTION CALIDAD -GH/Gestion del talento humano/DOCUMENTOS UNION PARA LA SALUD Y LA VIDA/SG-SST/INS-GTH-003 Inspeccion de seguridad en los centros integrales de salud.docx?web=1";"https://unionsaludvida.sharepoint.com/sites/INTRANET/Documentos compartidos/DOCUMENTOS_INSTITUCIONALES/DIRECCION_ADMIN_FINAN/COORD_GESTION_HUMANA/ARCHIVOS_COORD_GH/GESTION CALIDAD -GH/Gestion del talento humano/DOCUMENTOS UNION PARA LA SALUD Y LA VIDA/SG-SST/INS-GTH-003 Inspeccion de seguridad en los centros integrales de salud.docx"
INS-GTH-004;Liquidacion de nomina.docx;.docx;Nomina;;2026-08-29T08:40:39;"https://unionsaludvida.sharepoint.com/sites/INTRANET/Documentos compartidos/DOCUMENTOS_INSTITUCIONALES/DIRECCION_ADMIN_FINAN/COORD_GESTION_HUMANA/ARCHIVOS_COORD_GH/GESTION CALIDAD -GH/Gestion del talento humano/DOCUMENTOS UNION PARA LA SALUD Y LA VIDA/NOMINA/INS-GTH-004 Liquidacion de nomina.docx?web=1";"https://unionsaludvida.sharepoint.com/sites/INTRANET/Documentos compartidos/DOCUMENTOS_INSTITUCIONALES/DIRECCION_ADMIN_FINAN/COORD_GESTION_HUMANA/ARCHIVOS_COORD_GH/GESTION CALIDAD -GH/Gestion del talento humano/DOCUMENTOS UNION PARA LA SALUD Y LA VIDA/NOMINA/INS-GTH-004 Liquidacion de nomina.docx"
INS-GTH-005;Gestion y seguimiento al ausentismo laboral.docx;.docx;Nomina;;2026-08-29T08:40:39;"https://unionsaludvida.sharepoint.com/sites/INTRANET/Documentos compartidos/DOCUMENTOS_INSTITUCIONALES/DIRECCION_ADMIN_FINAN/COORD_GESTION_HUMANA/ARCHIVOS_COORD_GH/GESTION CALIDAD -GH/Gestion del talento humano/DOCUMENTOS UNION PARA LA SALUD Y LA VIDA/NOMINA/INS-GTH-005 Gestion y seguimiento al ausentismo laboral.docx?web=1";"https://unionsaludvida.sharepoint.com/sites/INTRANET/Documentos compartidos/DOCUMENTOS_INSTITUCIONALES/DIRECCION_ADMIN_FINAN/COORD_GESTION_HUMANA/ARCHIVOS_COORD_GH/GESTION CALIDAD -GH/Gestion del talento humano/DOCUMENTOS UNION PARA LA SALUD Y LA VIDA/NOMINA/INS-GTH-005 Gestion y seguimiento al ausentismo laboral.docx"
INS-GTH-006;Notificacion y manejo del accidente-incidente de trabajo.docx;.docx;Seguridad y Salud en el Trabajo;;2026-08-20T01:15:31;"https://unionsaludvida.sharepoint.com/sites/INTRANET/Documentos compartidos/DOCUMENTOS_INSTITUCIONALES/DIRECCION_ADMIN_FINAN/COORD_GESTION_HUMANA/ARCHIVOS_COORD_GH/GESTION CALIDAD -GH/Gestion del talento humano/DOCUMENTOS UNION PARA LA SALUD Y LA VIDA/SG-SST/INS-GTH-006 Notificacion y manejo del accidente-incidente de trabajo.docx?web=1";"https://unionsaludvida.sharepoint.com/sites/INTRANET/Documentos compartidos/DOCUMENTOS_INSTITUCIONALES/DIRECCION_ADMIN_FINAN/COORD_GESTION_HUMANA/ARCHIVOS_COORD_GH/GESTION CALIDAD -GH/Gestion del talento humano/DOCUMENTOS UNION PARA LA SALUD Y LA VIDA/SG-SST/INS-GTH-006 Notificacion y manejo del accidente-incidente de trabajo.docx"
INS-GTH-007;Plan de evacuación sede administrativa Ciudad del Rio.docx;.docx;Seguridad y Salud en el Trabajo;;2026-08-20T01:15:31;"https://unionsaludvida.sharepoint.com/sites/INTRANET/Documentos compartidos/DOCUMENTOS_INSTITUCIONALES/DIRECCION_ADMIN_FINAN/COORD_GESTION_HUMANA/ARCHIVOS_COORD_GH/GESTION CALIDAD -GH/Gestion del talento humano/DOCUMENTOS UNION PARA LA SALUD Y LA VIDA/SG-SST/INS-GTH-007 Plan de evacuación sede administrativa Ciudad del Rio.docx?web=1";"https://unionsaludvida.sharepoint.com/sites/INTRANET/Documentos compartidos/DOCUMENTOS_INSTITUCIONALES/DIRECCION_ADMIN_FINAN/COORD_GESTION_HUMANA/ARCHIVOS_COORD_GH/GESTION CALIDAD -GH/Gestion del talento humano/DOCUMENTOS UNION PARA LA SALUD Y LA VIDA/SG-SST/INS-GTH-007 Plan de evacuación sede administrativa Ciudad del Rio.docx"
INS-GTH-008;Programa de auditoria del sistema de seguridad y salud en el trabajo.docx;.docx;Seguridad y Salud en el Trabajo;;2026-08-20T01:15:31;"https://unionsaludvida.sharepoint.com/sites/INTRANET/Documentos compartidos/DOCUMENTOS_INSTITUCIONALES/DIRECCION_ADMIN_FINAN/COORD_GESTION_HUMANA/ARCHIVOS_COORD_GH/GESTION CALIDAD -GH/Gestion del talento humano/DOCUMENTOS UNION PARA LA SALUD Y LA VIDA/SG-SST/INS-GTH-008 Programa de auditoria del sistema de seguridad y salud en el trabajo.docx?web=1";"https://unionsaludvida.sharepoint.com/sites/INTRANET/Documentos compartidos/DOCUMENTOS_INSTITUCIONALES/DIRECCION_ADMIN_FINAN/COORD_GESTION_HUMANA/ARCHIVOS_COORD_GH/GESTION CALIDAD -GH/Gestion del talento humano/DOCUMENTOS UNION PARA LA SALUD Y LA VIDA/SG-SST/INS-GTH-008 Programa de auditoria del sistema de seguridad y salud en el trabajo.docx"
INS-GTH-009;Identificacion de peligros, control y valoracion de los riesgos.docx;.docx;Seguridad y Salud en el Trabajo;;2026-08-20T01:15:31;"https://unionsaludvida.sharepoint.com/sites/INTRANET/Documentos compartidos/DOCUMENTOS_INSTITUCIONALES/DIRECCION_ADMIN_FINAN/COORD_GESTION_HUMANA/ARCHIVOS_COORD_GH/GESTION CALIDAD -GH/Gestion del talento humano/DOCUMENTOS UNION PARA LA SALUD Y LA VIDA/SG-SST/INS-GTH-009 Identificacion de peligros, control y valoracion de los riesgos.docx?web=1";"https://unionsaludvida.sharepoint.com/sites/INTRANET/Documentos compartidos/DOCUMENTOS_INSTITUCIONALES/DIRECCION_ADMIN_FINAN/COORD_GESTION_HUMANA/ARCHIVOS_COORD_GH/GESTION CALIDAD -GH/Gestion del talento humano/DOCUMENTOS UNION PARA LA SALUD Y LA VIDA/SG-SST/INS-GTH-009 Identificacion de peligros, control y valoracion de los riesgos.docx"
INS-GTH-011;Protocolo de entrega y registro de elementos de protección personal..docx;.docx;Seguridad y Salud en el Trabajo;;2026-08-20T01:15:31;"https://unionsaludvida.sharepoint.com/sites/INTRANET/Documentos compartidos/DOCUMENTOS_INSTITUCIONALES/DIRECCION_ADMIN_FINAN/COORD_GESTION_HUMANA/ARCHIVOS_COORD_GH/GESTION CALIDAD -GH/Gestion del talento humano/DOCUMENTOS UNION PARA LA SALUD Y LA VIDA/SG-SST/INS-GTH-011 Protocolo de entrega y registro de elementos de protección personal..docx?web=1";"https://unionsaludvida.sharepoint.com/sites/INTRANET/Documentos compartidos/DOCUMENTOS_INSTITUCIONALES/DIRECCION_ADMIN_FINAN/COORD_GESTION_HUMANA/ARCHIVOS_COORD_GH/GESTION CALIDAD -GH/Gestion del talento humano/DOCUMENTOS UNION PARA LA SALUD Y LA VIDA/SG-SST/INS-GTH-011 Protocolo de entrega y registro de elementos de protección personal..docx"
INS-GTH-012; Procedimiento reintegro laboral.docx;.docx;Seguridad y Salud en el Trabajo;;2026-08-28T09:27:15;"https://unionsaludvida.sharepoint.com/sites/INTRANET/Documentos compartidos/DOCUMENTOS_INSTITUCIONALES/DIRECCION_ADMIN_FINAN/COORD_GESTION_HUMANA/ARCHIVOS_COORD_GH/GESTION CALIDAD -GH/Gestion del talento humano/DOCUMENTOS UNION PARA LA SALUD Y LA VIDA/SG-SST/RIESGO OSTEOMUSCULAR/INS-GTH-012  Procedimiento reintegro laboral.docx?web=1";"https://unionsaludvida.sharepoint.com/sites/INTRANET/Documentos compartidos/DOCUMENTOS_INSTITUCIONALES/DIRECCION_ADMIN_FINAN/COORD_GESTION_HUMANA/ARCHIVOS_COORD_GH/GESTION CALIDAD -GH/Gestion del talento humano/DOCUMENTOS UNION PARA LA SALUD Y LA VIDA/SG-SST/RIESGO OSTEOMUSCULAR/INS-GTH-012  Procedimiento reintegro laboral.docx"
INS-GTH-012;Acta seguimiento a condiciones de salud.docx;.docx;Seguridad y Salud en el Trabajo;;2026-08-28T09:42:04;"https://unionsaludvida.sharepoint.com/sites/INTRANET/Documentos compartidos/DOCUMENTOS_INSTITUCIONALES/DIRECCION_ADMIN_FINAN/COORD_GESTION_HUMANA/ARCHIVOS_COORD_GH/GESTION CALIDAD -GH/Gestion del talento humano/DOCUMENTOS UNION PARA LA SALUD Y LA VIDA/SG-SST/RIESGO OSTEOMUSCULAR/INS-GTH-012 Acta seguimiento a condiciones de salud.docx?web=1";"https://unionsaludvida.sharepoint.com/sites/INTRANET/Documentos compartidos/DOCUMENTOS_INSTITUCIONALES/DIRECCION_ADMIN_FINAN/COORD_GESTION_HUMANA/ARCHIVOS_COORD_GH/GESTION CALIDAD -GH/Gestion del talento humano/DOCUMENTOS UNION PARA LA SALUD Y LA VIDA/SG-SST/RIESGO OSTEOMUSCULAR/INS-GTH-012 Acta seguimiento a condiciones de salud.docx"
INS-GTH-013;Instructivo licencias no remuneradas.docx;.docx;Bienestar;;2026-08-27T21:17:01;"https://unionsaludvida.sharepoint.com/sites/INTRANET/Documentos compartidos/DOCUMENTOS_INSTITUCIONALES/DIRECCION_ADMIN_FINAN/COORD_GESTION_HUMANA/ARCHIVOS_COORD_GH/GESTION CALIDAD -GH/Gestion del talento humano/DOCUMENTOS UNION PARA LA SALUD Y LA VIDA/BIENESTAR/INS-GTH-013 Instructivo licencias no remuneradas.docx?web=1";"https://unionsaludvida.sharepoint.com/sites/INTRANET/Documentos compartidos/DOCUMENTOS_INSTITUCIONALES/DIRECCION_ADMIN_FINAN/COORD_GESTION_HUMANA/ARCHIVOS_COORD_GH/GESTION CALIDAD -GH/Gestion del talento humano/DOCUMENTOS UNION PARA LA SALUD Y LA VIDA/BIENESTAR/INS-GTH-013 Instructivo licencias no remuneradas.docx"
INS-GTH-014;Gestión y logística del banco de uniformes.docx;.docx;Bienestar;;2026-08-20T01:04:43;"https://unionsaludvida.sharepoint.com/sites/INTRANET/Documentos compartidos/DOCUMENTOS_INSTITUCIONALES/DIRECCION_ADMIN_FINAN/COORD_GESTION_HUMANA/ARCHIVOS_COORD_GH/GESTION CALIDAD -GH/Gestion del talento humano/DOCUMENTOS UNION PARA LA SALUD Y LA VIDA/BIENESTAR/INS-GTH-014 Gestión y logística del banco de uniformes.docx?web=1";"https://unionsaludvida.sharepoint.com/sites/INTRANET/Documentos compartidos/DOCUMENTOS_INSTITUCIONALES/DIRECCION_ADMIN_FINAN/COORD_GESTION_HUMANA/ARCHIVOS_COORD_GH/GESTION CALIDAD -GH/Gestion del talento humano/DOCUMENTOS UNION PARA LA SALUD Y LA VIDA/BIENESTAR/INS-GTH-014 Gestión y logística del banco de uniformes.docx"
INS-GTH-015;Patrocinio y permiso para la formacion individal.docx;.docx;Formacion;;2026-08-20T01:04:43;"https://unionsaludvida.sharepoint.com/sites/INTRANET/Documentos compartidos/DOCUMENTOS_INSTITUCIONALES/DIRECCION_ADMIN_FINAN/COORD_GESTION_HUMANA/ARCHIVOS_COORD_GH/GESTION CALIDAD -GH/Gestion del talento humano/DOCUMENTOS UNION PARA LA SALUD Y LA VIDA/FORMACION/INS-GTH-015 Patrocinio y permiso para la formacion individal.docx?web=1";"https://unionsaludvida.sharepoint.com/sites/INTRANET/Documentos compartidos/DOCUMENTOS_INSTITUCIONALES/DIRECCION_ADMIN_FINAN/COORD_GESTION_HUMANA/ARCHIVOS_COORD_GH/GESTION CALIDAD -GH/Gestion del talento humano/DOCUMENTOS UNION PARA LA SALUD Y LA VIDA/FORMACION/INS-GTH-015 Patrocinio y permiso para la formacion individal.docx"
INS-GTH-016;Programa higiene de manos.docx;.docx;Seguridad y Salud en el Trabajo;;2026-08-24T20:35:00;"https://unionsaludvida.sharepoint.com/sites/INTRANET/Documentos compartidos/DOCUMENTOS_INSTITUCIONALES/DIRECCION_ADMIN_FINAN/COORD_GESTION_HUMANA/ARCHIVOS_COORD_GH/GESTION CALIDAD -GH/Gestion del talento humano/DOCUMENTOS UNION PARA LA SALUD Y LA VIDA/SG-SST/RIESGO BIOLOGICO/INS-GTH-016 Programa higiene de manos.docx?web=1";"https://unionsaludvida.sharepoint.com/sites/INTRANET/Documentos compartidos/DOCUMENTOS_INSTITUCIONALES/DIRECCION_ADMIN_FINAN/COORD_GESTION_HUMANA/ARCHIVOS_COORD_GH/GESTION CALIDAD -GH/Gestion del talento humano/DOCUMENTOS UNION PARA LA SALUD Y LA VIDA/SG-SST/RIESGO BIOLOGICO/INS-GTH-016 Programa higiene de manos.docx"
INS-GTI-001;Atencion de consultas y reclamos de los titulares de los datos personales.docx;.docx;Tecnologías de la Información;;2026-08-20T00:39:23;"https://unionsaludvida.sharepoint.com/sites/INTRANET/Documentos compartidos/DOCUMENTOS_INSTITUCIONALES/SISTEMAS_INFORMACION/GESTION DOCUMENTAL DE CALIDAD UT/Gestión documental de calidad Unión para la Salud Y la Vida SAS/Apoyo/Gestión TICS/Tecnologías de la Información/Instructivos/INS-GTI-001 Atencion de consultas y reclamos de los titulares de los datos personales.docx?web=1";"https://unionsaludvida.sharepoint.com/sites/INTRANET/Documentos compartidos/DOCUMENTOS_INSTITUCIONALES/SISTEMAS_INFORMACION/GESTION DOCUMENTAL DE CALIDAD UT/Gestión documental de calidad Unión para la Salud Y la Vida SAS/Apoyo/Gestión TICS/Tecnologías de la Información/Instructivos/INS-GTI-001 Atencion de consultas y reclamos de los titulares de los datos personales.docx"
MN-GAD-001;Programa de auditoría para el mejoramiento de la calidad (PAMEC).docx;.docx;Planeación Estratégica y Dirección;;2026-08-30T19:16:47;"https://unionsaludvida.sharepoint.com/sites/INTRANET/Documentos compartidos/DOCUMENTOS_INSTITUCIONALES/SISTEMAS_INFORMACION/GESTION DOCUMENTAL DE CALIDAD UT/Gestión documental de calidad Unión para la Salud Y la Vida SAS/Estrategico/Gestión Administrativa/Planeación Estratégica y Dirección/Manuales/MN-GAD-001 Programa de auditoría para el mejoramiento de la calidad (PAMEC).docx?web=1";"https://unionsaludvida.sharepoint.com/sites/INTRANET/Documentos compartidos/DOCUMENTOS_INSTITUCIONALES/SISTEMAS_INFORMACION/GESTION DOCUMENTAL DE CALIDAD UT/Gestión documental de calidad Unión para la Salud Y la Vida SAS/Estrategico/Gestión Administrativa/Planeación Estratégica y Dirección/Manuales/MN-GAD-001 Programa de auditoría para el mejoramiento de la calidad (PAMEC).docx"
MN-GFI-001;Manual de politicas de gestion financiera.docx;.docx;Gestión Financiera y Contable;;2026-08-29T13:00:44;"https://unionsaludvida.sharepoint.com/sites/INTRANET/Documentos compartidos/DOCUMENTOS_INSTITUCIONALES/SISTEMAS_INFORMACION/GESTION DOCUMENTAL DE CALIDAD UT/Gestión documental de calidad Unión para la Salud Y la Vida SAS/Apoyo/Gestión Financiera/Gestión Financiera y Contable/Manuales/MN-GFI-001 Manual de politicas de gestion financiera.docx?web=1";"https://unionsaludvida.sharepoint.com/sites/INTRANET/Documentos compartidos/DOCUMENTOS_INSTITUCIONALES/SISTEMAS_INFORMACION/GESTION DOCUMENTAL DE CALIDAD UT/Gestión documental de calidad Unión para la Salud Y la Vida SAS/Apoyo/Gestión Financiera/Gestión Financiera y Contable/Manuales/MN-GFI-001 Manual de politicas de gestion financiera.docx"
MN-GIC-001;Sistema de gestion documental de calidad.docx;.docx;Gestión Integral de Calidad;;2026-08-28T22:39:28;"https://unionsaludvida.sharepoint.com/sites/INTRANET/Documentos compartidos/DOCUMENTOS_INSTITUCIONALES/SISTEMAS_INFORMACION/GESTION DOCUMENTAL DE CALIDAD UT/Gestión documental de calidad Unión para la Salud Y la Vida SAS/Calidad/Gestión Integral de la calidad/Gestión Integral de Calidad/Manuales/MN-GIC-001 Sistema de gestion documental de calidad.docx?web=1";"https://unionsaludvida.sharepoint.com/sites/INTRANET/Documentos compartidos/DOCUMENTOS_INSTITUCIONALES/SISTEMAS_INFORMACION/GESTION DOCUMENTAL DE CALIDAD UT/Gestión documental de calidad Unión para la Salud Y la Vida SAS/Calidad/Gestión Integral de la calidad/Gestión Integral de Calidad/Manuales/MN-GIC-001 Sistema de gestion documental de calidad.docx"
MN-GMD-001;Prestacion de servicios de salud en consulta medica.docx;.docx;Gestión medicina general;;2026-08-29T12:59:05;"https://unionsaludvida.sharepoint.com/sites/INTRANET/Documentos compartidos/DOCUMENTOS_INSTITUCIONALES/SISTEMAS_INFORMACION/GESTION DOCUMENTAL DE CALIDAD UT/Gestión documental de calidad Unión para la Salud Y la Vida SAS/Misionales/Gestión Médica y Asistencial/Gestión medicina general/Manuales/MN-GMD-001 Prestacion de servicios de salud en consulta medica.docx?web=1";"https://unionsaludvida.sharepoint.com/sites/INTRANET/Documentos compartidos/DOCUMENTOS_INSTITUCIONALES/SISTEMAS_INFORMACION/GESTION DOCUMENTAL DE CALIDAD UT/Gestión documental de calidad Unión para la Salud Y la Vida SAS/Misionales/Gestión Médica y Asistencial/Gestión medicina general/Manuales/MN-GMD-001 Prestacion de servicios de salud en consulta medica.docx"
MN-GTH-001;Selección y contratación del talento humano.docx;.docx;Selección;;2026-08-21T19:41:58;"https://unionsaludvida.sharepoint.com/sites/INTRANET/Documentos compartidos/DOCUMENTOS_INSTITUCIONALES/DIRECCION_ADMIN_FINAN/COORD_GESTION_HUMANA/ARCHIVOS_COORD_GH/GESTION CALIDAD -GH/Gestion del talento humano/DOCUMENTOS UNION PARA LA SALUD Y LA VIDA/SELECCIÓN/MN-GTH-001 Selección y contratación del talento humano.docx?web=1";"https://unionsaludvida.sharepoint.com/sites/INTRANET/Documentos compartidos/DOCUMENTOS_INSTITUCIONALES/DIRECCION_ADMIN_FINAN/COORD_GESTION_HUMANA/ARCHIVOS_COORD_GH/GESTION CALIDAD -GH/Gestion del talento humano/DOCUMENTOS UNION PARA LA SALUD Y LA VIDA/SELECCIÓN/MN-GTH-001 Selección y contratación del talento humano.docx"
MN-GTH-002;Plan de bienestar institucional.docx;.docx;Bienestar;;2026-08-21T19:41:58;"https://unionsaludvida.sharepoint.com/sites/INTRANET/Documentos compartidos/DOCUMENTOS_INSTITUCIONALES/DIRECCION_ADMIN_FINAN/COORD_GESTION_HUMANA/ARCHIVOS_COORD_GH/GESTION CALIDAD -GH/Gestion del talento humano/DOCUMENTOS UNION PARA LA SALUD Y LA VIDA/BIENESTAR/MN-GTH-002 Plan de bienestar institucional.docx?web=1";"https://unionsaludvida.sharepoint.com/sites/INTRANET/Documentos compartidos/DOCUMENTOS_INSTITUCIONALES/DIRECCION_ADMIN_FINAN/COORD_GESTION_HUMANA/ARCHIVOS_COORD_GH/GESTION CALIDAD -GH/Gestion del talento humano/DOCUMENTOS UNION PARA LA SALUD Y LA VIDA/BIENESTAR/MN-GTH-002 Plan de bienestar institucional.docx"
MN-GTH-003;Identificacion de peligros, control y valoracion de los riesgos laborales.docx;.docx;Seguridad y Salud en el Trabajo;;2026-08-20T01:15:31;"https://unionsaludvida.sharepoint.com/sites/INTRANET/Documentos compartidos/DOCUMENTOS_INSTITUCIONALES/DIRECCION_ADMIN_FINAN/COORD_GESTION_HUMANA/ARCHIVOS_COORD_GH/GESTION CALIDAD -GH/Gestion del talento humano/DOCUMENTOS UNION PARA LA SALUD Y LA VIDA/SG-SST/MN-GTH-003 Identificacion de peligros, control y valoracion de los riesgos laborales.docx?web=1";"https://unionsaludvida.sharepoint.com/sites/INTRANET/Documentos compartidos/DOCUMENTOS_INSTITUCIONALES/DIRECCION_ADMIN_FINAN/COORD_GESTION_HUMANA/ARCHIVOS_COORD_GH/GESTION CALIDAD -GH/Gestion del talento humano/DOCUMENTOS UNION PARA LA SALUD Y LA VIDA/SG-SST/MN-GTH-003 Identificacion de peligros, control y valoracion de los riesgos laborales.docx"
MN-GTH-004;Manual de bioseguridad.docx;.docx;Seguridad y Salud en el Trabajo;;2026-08-20T11:16:27;"https://unionsaludvida.sharepoint.com/sites/INTRANET/Documentos compartidos/DOCUMENTOS_INSTITUCIONALES/DIRECCION_ADMIN_FINAN/COORD_GESTION_HUMANA/ARCHIVOS_COORD_GH/GESTION CALIDAD -GH/Gestion del talento humano/DOCUMENTOS UNION PARA LA SALUD Y LA VIDA/SG-SST/RIESGO BIOLOGICO/MN-GTH-004 Manual de bioseguridad.docx?web=1";"https://unionsaludvida.sharepoint.com/sites/INTRANET/Documentos compartidos/DOCUMENTOS_INSTITUCIONALES/DIRECCION_ADMIN_FINAN/COORD_GESTION_HUMANA/ARCHIVOS_COORD_GH/GESTION CALIDAD -GH/Gestion del talento humano/DOCUMENTOS UNION PARA LA SALUD Y LA VIDA/SG-SST/RIESGO BIOLOGICO/MN-GTH-004 Manual de bioseguridad.docx"
MN-GTH-006;Manual de convivencia laboral.docx;.docx;Gestion Humana;;2026-08-20T00:15:09;"https://unionsaludvida.sharepoint.com/sites/INTRANET/Documentos compartidos/DOCUMENTOS_INSTITUCIONALES/DIRECCION_ADMIN_FINAN/COORD_GESTION_HUMANA/ARCHIVOS_COORD_GH/GESTION CALIDAD -GH/Gestion del talento humano/DOCUMENTOS UNION PARA LA SALUD Y LA VIDA/GESTION HUMANA/MN-GTH-006 Manual de convivencia laboral.docx?web=1";"https://unionsaludvida.sharepoint.com/sites/INTRANET/Documentos compartidos/DOCUMENTOS_INSTITUCIONALES/DIRECCION_ADMIN_FINAN/COORD_GESTION_HUMANA/ARCHIVOS_COORD_GH/GESTION CALIDAD -GH/Gestion del talento humano/DOCUMENTOS UNION PARA LA SALUD Y LA VIDA/GESTION HUMANA/MN-GTH-006 Manual de convivencia laboral.docx"
MN-GTH-008;Pruebas psicotecnicas.docx;.docx;Selección;;2026-08-21T19:41:58;"https://unionsaludvida.sharepoint.com/sites/INTRANET/Documentos compartidos/DOCUMENTOS_INSTITUCIONALES/DIRECCION_ADMIN_FINAN/COORD_GESTION_HUMANA/ARCHIVOS_COORD_GH/GESTION CALIDAD -GH/Gestion del talento humano/DOCUMENTOS UNION PARA LA SALUD Y LA VIDA/SELECCIÓN/MN-GTH-008 Pruebas psicotecnicas.docx?web=1";"https://unionsaludvida.sharepoint.com/sites/INTRANET/Documentos compartidos/DOCUMENTOS_INSTITUCIONALES/DIRECCION_ADMIN_FINAN/COORD_GESTION_HUMANA/ARCHIVOS_COORD_GH/GESTION CALIDAD -GH/Gestion del talento humano/DOCUMENTOS UNION PARA LA SALUD Y LA VIDA/SELECCIÓN/MN-GTH-008 Pruebas psicotecnicas.docx"
MN-GTH-009;Prevención y atención del acoso sexual, violencia basada en género y las personas de los sectores sociales LGBTIQ+ en el ámbito labo.docx;.docx;Gestion Humana;;2026-08-26T12:26:40;"https://unionsaludvida.sharepoint.com/sites/INTRANET/Documentos compartidos/DOCUMENTOS_INSTITUCIONALES/DIRECCION_ADMIN_FINAN/COORD_GESTION_HUMANA/ARCHIVOS_COORD_GH/GESTION CALIDAD -GH/Gestion del talento humano/DOCUMENTOS UNION PARA LA SALUD Y LA VIDA/GESTION HUMANA/MN-GTH-009 Prevención y atención del acoso sexual, violencia basada en género y las personas de los sectores sociales LGBTIQ+ en el ámbito labo.docx?web=1";"https://unionsaludvida.sharepoint.com/sites/INTRANET/Documentos compartidos/DOCUMENTOS_INSTITUCIONALES/DIRECCION_ADMIN_FINAN/COORD_GESTION_HUMANA/ARCHIVOS_COORD_GH/GESTION CALIDAD -GH/Gestion del talento humano/DOCUMENTOS UNION PARA LA SALUD Y LA VIDA/GESTION HUMANA/MN-GTH-009 Prevención y atención del acoso sexual, violencia basada en género y las personas de los sectores sociales LGBTIQ+ en el ámbito labo.docx"
PR-GAD-001;Planeación estrategica.docx;.docx;Planeación Estratégica y Dirección;;2026-08-28T22:18:24;"https://unionsaludvida.sharepoint.com/sites/INTRANET/Documentos compartidos/DOCUMENTOS_INSTITUCIONALES/SISTEMAS_INFORMACION/GESTION DOCUMENTAL DE CALIDAD UT/Gestión documental de calidad Unión para la Salud Y la Vida SAS/Estrategico/Gestión Administrativa/Planeación Estratégica y Dirección/Procesos/PR-GAD-001 Planeación estrategica.docx?web=1";"https://unionsaludvida.sharepoint.com/sites/INTRANET/Documentos compartidos/DOCUMENTOS_INSTITUCIONALES/SISTEMAS_INFORMACION/GESTION DOCUMENTAL DE CALIDAD UT/Gestión documental de calidad Unión para la Salud Y la Vida SAS/Estrategico/Gestión Administrativa/Planeación Estratégica y Dirección/Procesos/PR-GAD-001 Planeación estrategica.docx"
PR-GAD-002;Proceso financiero y contable.docx;.docx;Gestión Financiera y Contable;;2026-08-20T19:26:14;"https://unionsaludvida.sharepoint.com/sites/INTRANET/Documentos compartidos/DOCUMENTOS_INSTITUCIONALES/SISTEMAS_INFORMACION/GESTION DOCUMENTAL DE CALIDAD UT/Gestión documental de calidad Unión para la Salud Y la Vida SAS/Apoyo/Gestión Financiera/Gestión Financiera y Contable/Procesos/PR-GAD-002 Proceso financiero y contable.docx?web=1";"https://unionsaludvida.sharepoint.com/sites/INTRANET/Documentos compartidos/DOCUMENTOS_INSTITUCIONALES/SISTEMAS_INFORMACION/GESTION DOCUMENTAL DE CALIDAD UT/Gestión documental de calidad Unión para la Salud Y la Vida SAS/Apoyo/Gestión Financiera/Gestión Financiera y Contable/Procesos/PR-GAD-002 Proceso financiero y contable.docx"
PR-GAD-003;Proceso de gestion del talento humano.docx;.docx;Gestion Humana;;2026-08-20T18:19:22;"https://unionsaludvida.sharepoint.com/sites/INTRANET/Documentos compartidos/DOCUMENTOS_INSTITUCIONALES/DIRECCION_ADMIN_FINAN/COORD_GESTION_HUMANA/ARCHIVOS_COORD_GH/GESTION CALIDAD -GH/Gestion del talento humano/DOCUMENTOS UNION PARA LA SALUD Y LA VIDA/GESTION HUMANA/PR-GAD-003 Proceso de gestion del talento humano.docx?web=1";"https://unionsaludvida.sharepoint.com/sites/INTRANET/Documentos compartidos/DOCUMENTOS_INSTITUCIONALES/DIRECCION_ADMIN_FINAN/COORD_GESTION_HUMANA/ARCHIVOS_COORD_GH/GESTION CALIDAD -GH/Gestion del talento humano/DOCUMENTOS UNION PARA LA SALUD Y LA VIDA/GESTION HUMANA/PR-GAD-003 Proceso de gestion del talento humano.docx"
PR-GMD-001;Proceso de gestión de especialistas.docx;.docx;Gestión especialistas;;2026-08-30T22:08:42;"https://unionsaludvida.sharepoint.com/sites/INTRANET/Documentos compartidos/DOCUMENTOS_INSTITUCIONALES/SISTEMAS_INFORMACION/GESTION DOCUMENTAL DE CALIDAD UT/Gestión documental de calidad Unión para la Salud Y la Vida SAS/Misionales/Gestión Médica y Asistencial/Gestión especialistas/Procesos/PR-GMD-001 Proceso de gestión de especialistas.docx?web=1";"https://unionsaludvida.sharepoint.com/sites/INTRANET/Documentos compartidos/DOCUMENTOS_INSTITUCIONALES/SISTEMAS_INFORMACION/GESTION DOCUMENTAL DE CALIDAD UT/Gestión documental de calidad Unión para la Salud Y la Vida SAS/Misionales/Gestión Médica y Asistencial/Gestión especialistas/Procesos/PR-GMD-001 Proceso de gestión de especialistas.docx"
PR-GMD-002;Inducción especialistas.docx;.docx;Gestión especialistas;;2026-08-30T22:08:42;"https://unionsaludvida.sharepoint.com/sites/INTRANET/Documentos compartidos/DOCUMENTOS_INSTITUCIONALES/SISTEMAS_INFORMACION/GESTION DOCUMENTAL DE CALIDAD UT/Gestión documental de calidad Unión para la Salud Y la Vida SAS/Misionales/Gestión Médica y Asistencial/Gestión especialistas/Procesos/PR-GMD-002 Inducción especialistas.docx?web=1";"https://unionsaludvida.sharepoint.com/sites/INTRANET/Documentos compartidos/DOCUMENTOS_INSTITUCIONALES/SISTEMAS_INFORMACION/GESTION DOCUMENTAL DE CALIDAD UT/Gestión documental de calidad Unión para la Salud Y la Vida SAS/Misionales/Gestión Médica y Asistencial/Gestión especialistas/Procesos/PR-GMD-002 Inducción especialistas.docx"
PT-GAD-002;Politica marco de conflicto de interes.docx;.docx;Planeación Estratégica y Dirección;;2026-08-28T22:12:28;"https://unionsaludvida.sharepoint.com/sites/INTRANET/Documentos compartidos/DOCUMENTOS_INSTITUCIONALES/SISTEMAS_INFORMACION/GESTION DOCUMENTAL DE CALIDAD UT/Gestión documental de calidad Unión para la Salud Y la Vida SAS/Estrategico/Gestión Administrativa/Planeación Estratégica y Dirección/Políticas/PT-GAD-002 Politica marco de conflicto de interes.docx?web=1";"https://unionsaludvida.sharepoint.com/sites/INTRANET/Documentos compartidos/DOCUMENTOS_INSTITUCIONALES/SISTEMAS_INFORMACION/GESTION DOCUMENTAL DE CALIDAD UT/Gestión documental de calidad Unión para la Salud Y la Vida SAS/Estrategico/Gestión Administrativa/Planeación Estratégica y Dirección/Políticas/PT-GAD-002 Politica marco de conflicto de interes.docx"
PT-GAD-003;Codigo de conducta y buen gobierno.docx;.docx;Planeación Estratégica y Dirección;;2026-08-28T22:12:31;"https://unionsaludvida.sharepoint.com/sites/INTRANET/Documentos compartidos/DOCUMENTOS_INSTITUCIONALES/SISTEMAS_INFORMACION/GESTION DOCUMENTAL DE CALIDAD UT/Gestión documental de calidad Unión para la Salud Y la Vida SAS/Estrategico/Gestión Administrativa/Planeación Estratégica y Dirección/Políticas/PT-GAD-003 Codigo de conducta y buen gobierno.docx?web=1";"https://unionsaludvida.sharepoint.com/sites/INTRANET/Documentos compartidos/DOCUMENTOS_INSTITUCIONALES/SISTEMAS_INFORMACION/GESTION DOCUMENTAL DE CALIDAD UT/Gestión documental de calidad Unión para la Salud Y la Vida SAS/Estrategico/Gestión Administrativa/Planeación Estratégica y Dirección/Políticas/PT-GAD-003 Codigo de conducta y buen gobierno.docx"
PT-GAD-004;Politica de gestion ambiental.docx;.docx;Planeación Estratégica y Dirección;;2026-08-28T22:12:29;"https://unionsaludvida.sharepoint.com/sites/INTRANET/Documentos compartidos/DOCUMENTOS_INSTITUCIONALES/SISTEMAS_INFORMACION/GESTION DOCUMENTAL DE CALIDAD UT/Gestión documental de calidad Unión para la Salud Y la Vida SAS/Estrategico/Gestión Administrativa/Planeación Estratégica y Dirección/Políticas/PT-GAD-004 Politica de gestion ambiental.docx?web=1";"https://unionsaludvida.sharepoint.com/sites/INTRANET/Documentos compartidos/DOCUMENTOS_INSTITUCIONALES/SISTEMAS_INFORMACION/GESTION DOCUMENTAL DE CALIDAD UT/Gestión documental de calidad Unión para la Salud Y la Vida SAS/Estrategico/Gestión Administrativa/Planeación Estratégica y Dirección/Políticas/PT-GAD-004 Politica de gestion ambiental.docx"
PT-GAD-005;Politica institucional de atencion centrada en la persona.docx;.docx;Planeación Estratégica y Dirección;;2026-09-07T11:17:20;"https://unionsaludvida.sharepoint.com/sites/INTRANET/Documentos compartidos/DOCUMENTOS_INSTITUCIONALES/SISTEMAS_INFORMACION/GESTION DOCUMENTAL DE CALIDAD UT/Gestión documental de calidad Unión para la Salud Y la Vida SAS/Estrategico/Gestión Administrativa/Planeación Estratégica y Dirección/Políticas/PT-GAD-005 Politica institucional de atencion centrada en la persona.docx?web=1";"https://unionsaludvida.sharepoint.com/sites/INTRANET/Documentos compartidos/DOCUMENTOS_INSTITUCIONALES/SISTEMAS_INFORMACION/GESTION DOCUMENTAL DE CALIDAD UT/Gestión documental de calidad Unión para la Salud Y la Vida SAS/Estrategico/Gestión Administrativa/Planeación Estratégica y Dirección/Políticas/PT-GAD-005 Politica institucional de atencion centrada en la persona.docx"
PT-GFI-001;Politica de informacion financiera.docx;.docx;Gestión Financiera y Contable;;2026-08-28T22:24:58;"https://unionsaludvida.sharepoint.com/sites/INTRANET/Documentos compartidos/DOCUMENTOS_INSTITUCIONALES/SISTEMAS_INFORMACION/GESTION DOCUMENTAL DE CALIDAD UT/Gestión documental de calidad Unión para la Salud Y la Vida SAS/Estrategico/Gestión Financiera/Gestión Financiera y Contable/Políticas/PT-GFI-001 Politica de informacion financiera.docx?web=1";"https://unionsaludvida.sharepoint.com/sites/INTRANET/Documentos compartidos/DOCUMENTOS_INSTITUCIONALES/SISTEMAS_INFORMACION/GESTION DOCUMENTAL DE CALIDAD UT/Gestión documental de calidad Unión para la Salud Y la Vida SAS/Estrategico/Gestión Financiera/Gestión Financiera y Contable/Políticas/PT-GFI-001 Politica de informacion financiera.docx"
PT-GFI-002;Politica de gestion de viaticos.docx;.docx;Gestión Financiera y Contable;;2026-08-28T22:24:58;"https://unionsaludvida.sharepoint.com/sites/INTRANET/Documentos compartidos/DOCUMENTOS_INSTITUCIONALES/SISTEMAS_INFORMACION/GESTION DOCUMENTAL DE CALIDAD UT/Gestión documental de calidad Unión para la Salud Y la Vida SAS/Estrategico/Gestión Financiera/Gestión Financiera y Contable/Políticas/PT-GFI-002 Politica de gestion de viaticos.docx?web=1";"https://unionsaludvida.sharepoint.com/sites/INTRANET/Documentos compartidos/DOCUMENTOS_INSTITUCIONALES/SISTEMAS_INFORMACION/GESTION DOCUMENTAL DE CALIDAD UT/Gestión documental de calidad Unión para la Salud Y la Vida SAS/Estrategico/Gestión Financiera/Gestión Financiera y Contable/Políticas/PT-GFI-002 Politica de gestion de viaticos.docx"
PT-GTH-001;Politica del sistema de gestion de la seguridad y salud en el trabajo.docx;.docx;Seguridad y Salud en el Trabajo;;2026-08-21T19:39:02;"https://unionsaludvida.sharepoint.com/sites/INTRANET/Documentos compartidos/DOCUMENTOS_INSTITUCIONALES/DIRECCION_ADMIN_FINAN/COORD_GESTION_HUMANA/ARCHIVOS_COORD_GH/GESTION CALIDAD -GH/Gestion del talento humano/DOCUMENTOS UNION PARA LA SALUD Y LA VIDA/SG-SST/PT-GTH-001 Politica del sistema de gestion de la seguridad y salud en el trabajo.docx?web=1";"https://unionsaludvida.sharepoint.com/sites/INTRANET/Documentos compartidos/DOCUMENTOS_INSTITUCIONALES/DIRECCION_ADMIN_FINAN/COORD_GESTION_HUMANA/ARCHIVOS_COORD_GH/GESTION CALIDAD -GH/Gestion del talento humano/DOCUMENTOS UNION PARA LA SALUD Y LA VIDA/SG-SST/PT-GTH-001 Politica del sistema de gestion de la seguridad y salud en el trabajo.docx"
PT-GTH-002;Política de prevención y control de consumo o uso de sustancias psicoactivas, alcohol y tabaco.docx;.docx;Gestion Humana;;2026-08-27T16:10:44;"https://unionsaludvida.sharepoint.com/sites/INTRANET/Documentos compartidos/DOCUMENTOS_INSTITUCIONALES/DIRECCION_ADMIN_FINAN/COORD_GESTION_HUMANA/ARCHIVOS_COORD_GH/GESTION CALIDAD -GH/Gestion del talento humano/DOCUMENTOS UNION PARA LA SALUD Y LA VIDA/GESTION HUMANA/PT-GTH-002 Política de prevención y control de consumo o uso de sustancias psicoactivas, alcohol y tabaco.docx?web=1";"https://unionsaludvida.sharepoint.com/sites/INTRANET/Documentos compartidos/DOCUMENTOS_INSTITUCIONALES/DIRECCION_ADMIN_FINAN/COORD_GESTION_HUMANA/ARCHIVOS_COORD_GH/GESTION CALIDAD -GH/Gestion del talento humano/DOCUMENTOS UNION PARA LA SALUD Y LA VIDA/GESTION HUMANA/PT-GTH-002 Política de prevención y control de consumo o uso de sustancias psicoactivas, alcohol y tabaco.docx"
PT-GTH-003;Politica Vinculacion Familiares.docx;.docx;Contratacion;;2026-08-21T19:41:58;"https://unionsaludvida.sharepoint.com/sites/INTRANET/Documentos compartidos/DOCUMENTOS_INSTITUCIONALES/DIRECCION_ADMIN_FINAN/COORD_GESTION_HUMANA/ARCHIVOS_COORD_GH/GESTION CALIDAD -GH/Gestion del talento humano/DOCUMENTOS UNION PARA LA SALUD Y LA VIDA/CONTRATACION/PT-GTH-003 Politica Vinculacion Familiares.docx?web=1";"https://unionsaludvida.sharepoint.com/sites/INTRANET/Documentos compartidos/DOCUMENTOS_INSTITUCIONALES/DIRECCION_ADMIN_FINAN/COORD_GESTION_HUMANA/ARCHIVOS_COORD_GH/GESTION CALIDAD -GH/Gestion del talento humano/DOCUMENTOS UNION PARA LA SALUD Y LA VIDA/CONTRATACION/PT-GTH-003 Politica Vinculacion Familiares.docx"
PT-GTH-004;Politica de vida sana.docx;.docx;Políticas Institucionales;;2026-08-28T20:19:47;"https://unionsaludvida.sharepoint.com/sites/INTRANET/Documentos compartidos/DOCUMENTOS_INSTITUCIONALES/SISTEMAS_INFORMACION/GESTION DOCUMENTAL DE CALIDAD UT/Gestión documental de calidad Unión para la Salud Y la Vida SAS/Estrategico/Dirección General/Políticas Institucionales/Políticas/PT-GTH-004 Politica de vida sana.docx?web=1";"https://unionsaludvida.sharepoint.com/sites/INTRANET/Documentos compartidos/DOCUMENTOS_INSTITUCIONALES/SISTEMAS_INFORMACION/GESTION DOCUMENTAL DE CALIDAD UT/Gestión documental de calidad Unión para la Salud Y la Vida SAS/Estrategico/Dirección General/Políticas Institucionales/Políticas/PT-GTH-004 Politica de vida sana.docx"
PT-GTH-005;Politica para la proteccion y promocion de los derechos humanos.docx;.docx;Políticas Institucionales;;2026-08-28T20:19:46;"https://unionsaludvida.sharepoint.com/sites/INTRANET/Documentos compartidos/DOCUMENTOS_INSTITUCIONALES/SISTEMAS_INFORMACION/GESTION DOCUMENTAL DE CALIDAD UT/Gestión documental de calidad Unión para la Salud Y la Vida SAS/Estrategico/Dirección General/Políticas Institucionales/Políticas/PT-GTH-005 Politica para la proteccion y promocion de los derechos humanos.docx?web=1";"https://unionsaludvida.sharepoint.com/sites/INTRANET/Documentos compartidos/DOCUMENTOS_INSTITUCIONALES/SISTEMAS_INFORMACION/GESTION DOCUMENTAL DE CALIDAD UT/Gestión documental de calidad Unión para la Salud Y la Vida SAS/Estrategico/Dirección General/Políticas Institucionales/Políticas/PT-GTH-005 Politica para la proteccion y promocion de los derechos humanos.docx"
PT-GTH-006;Politica de equidad salarial.docx;.docx;Políticas Institucionales;;2026-08-28T20:19:47;"https://unionsaludvida.sharepoint.com/sites/INTRANET/Documentos compartidos/DOCUMENTOS_INSTITUCIONALES/SISTEMAS_INFORMACION/GESTION DOCUMENTAL DE CALIDAD UT/Gestión documental de calidad Unión para la Salud Y la Vida SAS/Estrategico/Dirección General/Políticas Institucionales/Políticas/PT-GTH-006 Politica de equidad salarial.docx?web=1";"https://unionsaludvida.sharepoint.com/sites/INTRANET/Documentos compartidos/DOCUMENTOS_INSTITUCIONALES/SISTEMAS_INFORMACION/GESTION DOCUMENTAL DE CALIDAD UT/Gestión documental de calidad Unión para la Salud Y la Vida SAS/Estrategico/Dirección General/Políticas Institucionales/Políticas/PT-GTH-006 Politica de equidad salarial.docx"
PT-GTH-007;Política prevención y atención del acoso sexual, violencia basada en género y personas de los sectores sociales LGBTIQ+ en el ámbito laboral.docx;.docx;Gestion Humana;;2026-08-24T14:50:39;"https://unionsaludvida.sharepoint.com/sites/INTRANET/Documentos compartidos/DOCUMENTOS_INSTITUCIONALES/DIRECCION_ADMIN_FINAN/COORD_GESTION_HUMANA/ARCHIVOS_COORD_GH/GESTION CALIDAD -GH/Gestion del talento humano/DOCUMENTOS UNION PARA LA SALUD Y LA VIDA/GESTION HUMANA/PT-GTH-007 Política prevención y atención del acoso sexual, violencia basada en género y personas de los sectores sociales LGBTIQ+ en el ámbito laboral.docx?web=1";"https://unionsaludvida.sharepoint.com/sites/INTRANET/Documentos compartidos/DOCUMENTOS_INSTITUCIONALES/DIRECCION_ADMIN_FINAN/COORD_GESTION_HUMANA/ARCHIVOS_COORD_GH/GESTION CALIDAD -GH/Gestion del talento humano/DOCUMENTOS UNION PARA LA SALUD Y LA VIDA/GESTION HUMANA/PT-GTH-007 Política prevención y atención del acoso sexual, violencia basada en género y personas de los sectores sociales LGBTIQ+ en el ámbito laboral.docx"
PT-GTH-008;Política de comunicaciones.docx;.docx;Comunicaciones;;2026-08-21T19:39:23;"https://unionsaludvida.sharepoint.com/sites/INTRANET/Documentos compartidos/DOCUMENTOS_INSTITUCIONALES/DIRECCION_ADMIN_FINAN/COORD_GESTION_HUMANA/ARCHIVOS_COORD_GH/GESTION CALIDAD -GH/Gestion del talento humano/DOCUMENTOS UNION PARA LA SALUD Y LA VIDA/COMUNICACIONES/PT-GTH-008 Política de comunicaciones.docx?web=1";"https://unionsaludvida.sharepoint.com/sites/INTRANET/Documentos compartidos/DOCUMENTOS_INSTITUCIONALES/DIRECCION_ADMIN_FINAN/COORD_GESTION_HUMANA/ARCHIVOS_COORD_GH/GESTION CALIDAD -GH/Gestion del talento humano/DOCUMENTOS UNION PARA LA SALUD Y LA VIDA/COMUNICACIONES/PT-GTH-008 Política de comunicaciones.docx"
PT-GTI-001;Politica de tecnologias de la informacion.docx;.docx;Tecnologías de la Información;;2026-08-28T20:26:08;"https://unionsaludvida.sharepoint.com/sites/INTRANET/Documentos compartidos/DOCUMENTOS_INSTITUCIONALES/SISTEMAS_INFORMACION/GESTION DOCUMENTAL DE CALIDAD UT/Gestión documental de calidad Unión para la Salud Y la Vida SAS/Estrategico/Gestión Tecnologías de la Información/Tecnologías de la Información/Políticas/PT-GTI-001 Politica de tecnologias de la informacion.docx?web=1";"https://unionsaludvida.sharepoint.com/sites/INTRANET/Documentos compartidos/DOCUMENTOS_INSTITUCIONALES/SISTEMAS_INFORMACION/GESTION DOCUMENTAL DE CALIDAD UT/Gestión documental de calidad Unión para la Salud Y la Vida SAS/Estrategico/Gestión Tecnologías de la Información/Tecnologías de la Información/Políticas/PT-GTI-001 Politica de tecnologias de la informacion.docx"
PT-GTI-002;Politica de tratamiento y proteccion de datos personales.docx;.docx;Tecnologías de la Información;;2026-08-27T08:24:50;"https://unionsaludvida.sharepoint.com/sites/INTRANET/Documentos compartidos/DOCUMENTOS_INSTITUCIONALES/SISTEMAS_INFORMACION/GESTION DOCUMENTAL DE CALIDAD UT/Gestión documental de calidad Unión para la Salud Y la Vida SAS/Estrategico/Gestión Tecnologías de la Información/Tecnologías de la Información/Políticas/PT-GTI-002 Politica de tratamiento y proteccion de datos personales.docx?web=1";"https://unionsaludvida.sharepoint.com/sites/INTRANET/Documentos compartidos/DOCUMENTOS_INSTITUCIONALES/SISTEMAS_INFORMACION/GESTION DOCUMENTAL DE CALIDAD UT/Gestión documental de calidad Unión para la Salud Y la Vida SAS/Estrategico/Gestión Tecnologías de la Información/Tecnologías de la Información/Políticas/PT-GTI-002 Politica de tratamiento y proteccion de datos personales.docx"
PVE-Riesgo;Biológico UT  (2).docx;.docx;Seguridad y Salud en el Trabajo;;2026-08-21T19:41:58;"https://unionsaludvida.sharepoint.com/sites/INTRANET/Documentos compartidos/DOCUMENTOS_INSTITUCIONALES/DIRECCION_ADMIN_FINAN/COORD_GESTION_HUMANA/ARCHIVOS_COORD_GH/GESTION CALIDAD -GH/Gestion del talento humano/DOCUMENTOS UNION PARA LA SALUD Y LA VIDA/SG-SST/RIESGO BIOLOGICO/PVE - Riesgo Biológico UT  (2).docx?web=1";"https://unionsaludvida.sharepoint.com/sites/INTRANET/Documentos compartidos/DOCUMENTOS_INSTITUCIONALES/DIRECCION_ADMIN_FINAN/COORD_GESTION_HUMANA/ARCHIVOS_COORD_GH/GESTION CALIDAD -GH/Gestion del talento humano/DOCUMENTOS UNION PARA LA SALUD Y LA VIDA/SG-SST/RIESGO BIOLOGICO/PVE - Riesgo Biológico UT  (2).docx"
RG-GTH-002;Reglamento de higiene y seguridad industrial.docx;.docx;Seguridad y Salud en el Trabajo;;2026-08-21T19:39:02;"https://unionsaludvida.sharepoint.com/sites/INTRANET/Documentos compartidos/DOCUMENTOS_INSTITUCIONALES/DIRECCION_ADMIN_FINAN/COORD_GESTION_HUMANA/ARCHIVOS_COORD_GH/GESTION CALIDAD -GH/Gestion del talento humano/DOCUMENTOS UNION PARA LA SALUD Y LA VIDA/SG-SST/RG-GTH-002 Reglamento de higiene y seguridad industrial.docx?web=1";"https://unionsaludvida.sharepoint.com/sites/INTRANET/Documentos compartidos/DOCUMENTOS_INSTITUCIONALES/DIRECCION_ADMIN_FINAN/COORD_GESTION_HUMANA/ARCHIVOS_COORD_GH/GESTION CALIDAD -GH/Gestion del talento humano/DOCUMENTOS UNION PARA LA SALUD Y LA VIDA/SG-SST/RG-GTH-002 Reglamento de higiene y seguridad industrial.docx"